variable_matriz,bloque_tematico,n,pct_complete,mean,median,std,mad,min,p05,p25,p75,p95,max,iqr,skewness,kurtosis,suggest_log_transform
anthropic_ai_autonomy_mean,adoption_diffusion,157,78.89,3.466028,3.451087,0.128044,0.080311,3.133333,3.288568,3.378503,3.547526,3.676587,3.857143,0.169023,0.461,0.1795,False
anthropic_ai_autonomy_median,adoption_diffusion,157,78.89,3.936306,4.0,0.244989,0.0,3.0,3.0,4.0,4.0,4.0,4.0,0.0,-3.5732,10.768,True
anthropic_ai_education_years_mean,adoption_diffusion,157,78.89,11.969985,11.967475,0.59952,0.227838,10.211194,11.075972,11.752282,12.223572,12.6936,16.884605,0.47129,3.1718,27.7622,True
anthropic_collaboration_pct,adoption_diffusion,154,77.39,20.833333,16.666667,9.200522,0.0,16.666667,16.666667,16.666667,20.0,50.0,50.0,3.333333,2.5317,5.116,True
anthropic_gdp_total,socioeconomic_control,173,86.93,509488184971.09827,46943000000.0,2321352299273.4365,44928000000.0,65000000.0,959200000.0,13370000000.0,298833000000.0,1990363200000.0017,29184900000000.0,285463000000.0,11.0924,133.3209,True
anthropic_usage_pct,adoption_diffusion,163,81.91,0.533777,0.0681,1.913999,0.0639,0.0015,0.0026,0.0176,0.3577,2.58666,22.2372,0.3401,9.3175,100.3591,True
iapp_n_autoridades,regulatory_treatment,28,14.07,5.535714,5.5,2.486737,1.5,1.0,2.0,4.0,7.25,9.0,10.0,3.25,-0.0138,-1.0301,False
iapp_n_leyes_relacionadas,regulatory_treatment,28,14.07,7.178571,7.0,2.37352,2.0,4.0,4.0,5.0,8.25,11.65,12.0,3.25,0.6131,-0.5546,False
ms_change_pp,adoption_diffusion,146,73.37,1.171233,0.9,0.8195,0.5,-0.1,0.4,0.6,1.675,2.5,4.8,1.075,1.4234,2.9471,False
ms_h1_2025_ai_diffusion_pct,adoption_diffusion,146,73.37,16.278767,12.55,10.710447,5.55,4.6,6.05,8.7,22.075,36.375,59.4,13.375,1.472,2.3871,False
ms_h2_2025_ai_diffusion_pct,adoption_diffusion,146,73.37,17.45137,13.55,11.387417,5.85,5.1,6.6,9.1,23.65,38.9,64.0,14.55,1.4358,2.2245,False
oecd_1_digital_stri_digital_stri_e_transactions,institutional_control,128,64.32,0.032022,0.021237,0.021486,0.021237,0.0,0.0,0.021237,0.042475,0.063712,0.106187,0.021237,0.9634,1.2496,False
oecd_1_digital_stri_digital_stri_infrastructure,institutional_control,128,64.32,0.119645,0.119025,0.107015,0.07935,0.0,0.0,0.039675,0.1587,0.3174,0.436424,0.119025,0.9743,0.5017,False
oecd_1_digital_stri_digital_stri_ip,institutional_control,128,64.32,0.011331,0.0,0.019582,0.0,0.0,0.0,0.0,0.021647,0.043294,0.108235,0.021647,2.4286,7.7878,True
oecd_1_digital_stri_digital_stri_other,institutional_control,128,64.32,0.045594,0.021954,0.037197,0.021954,0.0,0.0,0.021954,0.065863,0.109772,0.131726,0.043909,0.5885,-0.8187,False
oecd_1_digital_stri_digital_stri_overall,institutional_control,128,64.32,0.2234,0.206347,0.146897,0.10506,0.021237,0.039914,0.101296,0.309743,0.517715,0.649379,0.208447,0.7023,-0.1198,False
oecd_1_digital_stri_digital_stri_payment,institutional_control,128,64.32,0.014809,0.018403,0.015843,0.018403,0.0,0.0,0.0,0.018403,0.036807,0.05521,0.018403,0.7571,-0.3266,False
oecd_2_indigo_oecd_indigo_score,tech_infrastructure_control,191,95.98,0.066122,0.058591,0.029707,0.019711,0.0,0.02819,0.045433,0.083637,0.115612,0.139529,0.038204,0.563,-0.5918,False
oecd_3_regulatory_gov_oecd_reg_gov_ex_post_eval,institutional_control,43,21.61,0.237442,0.15,0.237668,0.11,0.0,0.0,0.04,0.465,0.62,0.85,0.425,0.8937,-0.4196,False
oecd_3_regulatory_gov_oecd_reg_gov_ria,institutional_control,41,20.6,0.40878,0.4,0.187313,0.14,0.0,0.11,0.29,0.56,0.69,0.79,0.27,-0.1781,-0.579,False
oecd_3_regulatory_gov_oecd_reg_gov_stakeholder,institutional_control,41,20.6,0.411707,0.38,0.219635,0.13,0.0,0.0,0.25,0.61,0.69,0.88,0.36,0.0416,-0.7135,False
oecd_4_digital_gov_oecd_digital_gov_data_driven,tech_infrastructure_control,38,19.1,0.103158,0.1,0.028199,0.02,0.05,0.0585,0.09,0.1275,0.143,0.17,0.0375,0.325,-0.2652,False
oecd_4_digital_gov_oecd_digital_gov_design,tech_infrastructure_control,38,19.1,0.111316,0.11,0.024514,0.01,0.05,0.07,0.1,0.13,0.1515,0.16,0.03,-0.0983,0.0068,False
oecd_4_digital_gov_oecd_digital_gov_open_data,tech_infrastructure_control,38,19.1,0.084737,0.085,0.026482,0.015,0.04,0.04,0.07,0.1,0.13,0.15,0.03,0.2378,-0.2529,False
oecd_4_digital_gov_oecd_digital_gov_overall,tech_infrastructure_control,38,19.1,0.583947,0.59,0.147145,0.07,0.2,0.339,0.505,0.6475,0.7845,0.93,0.1425,-0.4158,0.9044,False
oecd_4_digital_gov_oecd_digital_gov_policy,tech_infrastructure_control,38,19.1,0.098684,0.105,0.028301,0.005,0.02,0.054,0.0825,0.11,0.1415,0.15,0.0275,-0.9014,1.3745,False
oecd_4_digital_gov_oecd_digital_gov_proactiveness,tech_infrastructure_control,38,19.1,0.087632,0.09,0.036939,0.02,0.0,0.01,0.07,0.11,0.14,0.16,0.04,-0.5205,0.0242,False
oecd_4_digital_gov_oecd_digital_gov_user_driven,tech_infrastructure_control,38,19.1,0.096316,0.1,0.031573,0.02,0.01,0.0485,0.0725,0.11,0.1415,0.15,0.0375,-0.4285,0.0757,False
oecd_4_digital_gov_oecd_open_gov_data,tech_infrastructure_control,40,20.1,0.47825,0.455,0.195224,0.125,0.09,0.187,0.3675,0.64,0.792,0.91,0.2725,0.1721,-0.5349,False
oecd_5_ict_business_oecd_biz_ai_pct,adoption_diffusion,38,19.1,17.603515,15.798,10.964033,7.4668,3.39,4.048049,8.64145,25.32695,35.45723,42.0324,16.6855,0.5782,-0.8502,False
oecd_5_ict_business_oecd_biz_bigdata_pct,adoption_diffusion,36,18.09,33.498056,37.95185,15.767875,8.15625,2.6,5.501161,25.880875,43.18335,55.970275,59.9904,17.302475,-0.5029,-0.5955,False
oecd_5_ict_business_oecd_biz_cloud_pct,adoption_diffusion,38,19.1,52.852567,54.45265,16.106809,11.155692,17.8331,23.72544,44.136571,65.849171,74.37672,79.2058,21.7126,-0.4638,-0.5019,False
oecd_5_ict_business_oecd_biz_ict_specialists_pct,adoption_diffusion,36,18.09,21.113513,20.38225,6.746608,5.391086,8.08,12.923,15.924275,26.649715,30.62175,36.57458,10.72544,0.3182,-0.7372,False
oecd_5_ict_business_oecd_biz_iot_pct,adoption_diffusion,36,18.09,26.877228,23.37315,11.891731,5.7644,6.189147,10.086743,19.978625,32.6977,49.790425,55.18,12.719075,0.6012,-0.1229,False
oecd_5_ict_business_oecd_biz_website_pct,adoption_diffusion,36,18.09,76.130458,77.4983,12.786926,9.08605,49.7322,53.277475,67.2383,84.511837,92.42675,98.4709,17.273537,-0.3542,-0.7729,False
oecd_6_fdi_restrictiveness_oecd_fdi_restrictiveness,institutional_control,103,51.76,0.120042,0.078896,0.117662,0.064452,0.000167,0.007634,0.024955,0.190527,0.350644,0.566825,0.165572,1.2451,1.1929,False
oecd_7_pmr_oecd_pmr_overall,institutional_control,55,27.64,1.563788,1.478137,0.522641,0.297115,0.806338,0.901368,1.209562,1.810991,2.542956,2.922681,0.601429,0.8133,-0.0467,False
oecd_8_rd_tax_oecd_rd_tax_subsidy_rate,socioeconomic_control,52,26.13,0.147308,0.155,0.124446,0.115,-0.02,-0.02,0.0275,0.26,0.349,0.39,0.2325,0.2254,-1.1637,False
oxford_adaptability,ecosystem_outcome,193,96.98,46.435835,46.029125,15.807272,10.760813,5.644707,22.692321,35.152131,56.564381,72.998692,89.700364,21.412251,0.0011,-0.2596,False
oxford_ai_infrastructure,ecosystem_outcome,195,97.99,44.208462,41.48,14.368363,10.25,16.63,23.06,33.225,54.7,69.901,91.77,21.475,0.4158,-0.2781,False
oxford_ai_sector_maturity,ecosystem_outcome,195,97.99,17.828564,13.3,15.985663,8.96,0.58,1.556,5.1,24.975,47.288,100.0,19.875,1.4947,3.1148,False
oxford_ai_technology_diffusion,ecosystem_outcome,195,97.99,40.360872,38.98,19.405567,14.87,1.21,12.178,24.37,54.08,71.552,86.51,29.71,0.0943,-0.8368,False
oxford_compute_capacity,ecosystem_outcome,195,97.99,9.86959,5.37,14.18027,3.76,0.0,0.0,2.08,10.19,40.81,90.92,8.11,2.7343,8.9389,True
oxford_data_availability,ecosystem_outcome,193,96.98,59.438719,58.716726,22.308903,19.303467,8.884615,22.937669,41.340383,80.163672,90.827762,98.320401,38.823289,-0.1698,-1.0961,False
oxford_data_infrastructure,ecosystem_outcome,193,96.98,59.320797,56.987688,18.028223,13.368532,5.288974,32.162127,46.096991,75.003863,86.477581,93.135341,28.906872,-0.1646,-0.5198,False
oxford_data_quality,ecosystem_outcome,195,97.99,64.354154,66.53,19.653143,17.11,13.3,32.946,47.705,82.26,91.989,96.55,34.555,-0.2982,-0.8207,False
oxford_data_representativeness,ecosystem_outcome,192,96.48,78.412457,79.040166,16.793977,12.153875,4.995139,50.732714,69.771943,93.117429,98.6125,100.0,23.345486,-1.2655,2.9677,False
oxford_development_diffusion,ecosystem_outcome,195,97.99,31.370615,28.21,17.00209,11.64,9.19,10.898,17.695,43.415,63.352,88.16,25.72,0.7348,-0.2074,False
oxford_digital_capacity,ecosystem_outcome,193,96.98,44.630901,44.104613,18.618394,14.979378,7.849032,17.385487,29.702544,59.450445,75.34532,91.30133,29.747902,0.2584,-0.7283,False
oxford_e_government_delivery,ecosystem_outcome,195,97.99,58.005026,61.74,29.625056,25.12,0.0,6.466,34.865,85.345,96.971,99.98,50.48,-0.3427,-1.1144,False
oxford_enabling_technical_infrastructure,ecosystem_outcome,195,97.99,58.401026,58.75,14.873996,10.39,17.72,31.694,49.155,69.415,79.706,89.61,20.26,-0.3173,-0.4212,False
oxford_governance_2025,ecosystem_outcome,195,97.99,52.57841,54.27,26.177117,19.89,1.39,7.906,32.935,74.14,90.853,94.57,41.205,-0.2666,-1.0142,False
oxford_governance_ethics,ecosystem_outcome,193,96.98,56.658644,54.313687,24.642343,20.349389,0.114201,16.440331,38.901827,78.886302,94.158027,97.376842,39.984475,-0.0454,-0.9244,False
oxford_governance_principles,ecosystem_outcome,195,97.99,54.239538,55.25,27.811638,19.75,0.0,4.5,37.125,75.0,100.0,100.0,37.875,-0.1492,-0.7633,False
oxford_government,ecosystem_outcome,193,96.98,47.294039,39.40606,23.747384,17.00511,7.521644,16.047712,27.686054,71.4382,84.582,90.962032,43.752146,0.2547,-1.3589,False
oxford_government_digital_policy,ecosystem_outcome,195,97.99,37.651179,35.0,29.199889,26.2,0.0,0.0,10.0,62.0,84.908,99.38,52.0,0.229,-1.2526,False
oxford_human_capital,ecosystem_outcome,193,96.98,38.911502,36.357674,14.368707,9.604025,11.00685,19.819432,27.555338,48.879571,67.061061,76.472498,21.324233,0.5382,-0.454,False
oxford_human_capital_2025,ecosystem_outcome,195,97.99,40.43559,34.84,20.665332,14.56,6.18,16.098,23.065,57.015,78.52,85.17,33.95,0.5512,-0.9465,False
oxford_ind_5g_infrastructure,ecosystem_outcome,193,96.98,50.259067,100.0,50.129366,0.0,0.0,0.0,0.0,100.0,100.0,100.0,100.0,-0.0104,-1.9999,False
oxford_ind_accountability,ecosystem_outcome,193,96.98,48.784456,50.0,19.981584,17.2,9.6,16.72,31.4,66.8,78.48,85.4,35.4,-0.1211,-1.1374,False
oxford_ind_adoption_emerging_tech,ecosystem_outcome,184,92.46,47.28196,44.222308,21.404982,14.452308,0.0,16.4685,32.455,60.7725,85.227,100.0,28.3175,0.36,-0.2182,False
oxford_ind_ai_research_papers_log,ecosystem_outcome,193,96.98,34.487905,32.823658,25.515668,22.510375,0.0,0.0,10.313284,58.131146,73.56572,100.0,47.817862,0.212,-1.0844,False
oxford_ind_ai_strategy,ecosystem_outcome,193,96.98,37.305699,0.0,46.569782,0.0,0.0,0.0,0.0,100.0,100.0,100.0,100.0,0.5236,-1.636,False
oxford_ind_ai_unicorns_log,ecosystem_outcome,193,96.98,2.183674,0.0,10.558777,0.0,0.0,0.0,0.0,0.0,16.999162,100.0,0.0,6.4937,48.3631,True
oxford_ind_broadband_quality,ecosystem_outcome,184,92.46,42.598167,39.72,10.490422,5.95,18.4,31.375,34.875,51.8,62.39,85.3,16.925,1.0109,1.2199,False
oxford_ind_company_investment_emerging_tech,ecosystem_outcome,184,92.46,43.089164,37.75,19.034375,9.416667,0.0,19.0375,30.5625,55.445312,79.5,100.0,24.882812,0.7735,0.1183,False
oxford_ind_cost_internet_device,ecosystem_outcome,191,95.98,52.898444,53.02,23.533005,16.21,0.0,14.49,38.070909,69.587143,87.87,100.0,31.516234,-0.125,-0.4724,False
oxford_ind_cybersecurity,ecosystem_outcome,193,96.98,52.80091,53.23,34.879632,35.49,1.35,4.236,18.23,88.82,97.982,100.0,70.59,-0.0239,-1.6172,False
oxford_ind_data_governance,ecosystem_outcome,193,96.98,25.388601,0.0,32.322903,0.0,0.0,0.0,0.0,50.0,100.0,100.0,50.0,0.8989,-0.2844,False
oxford_ind_data_protection_laws,ecosystem_outcome,192,96.48,78.841527,100.0,36.971876,0.0,0.0,0.0,57.706767,100.0,100.0,100.0,42.293233,-1.4029,0.2932,False
oxford_ind_eng_tech_higher_ed_quality,ecosystem_outcome,193,96.98,18.621626,0.0,32.187522,0.0,0.0,0.0,0.0,23.644098,84.842255,100.0,23.644098,1.31,-0.0532,False
oxford_ind_ethical_principles,ecosystem_outcome,193,96.98,17.875648,0.0,36.502641,0.0,0.0,0.0,0.0,0.0,100.0,100.0,0.0,1.6698,0.9706,False
oxford_ind_female_stem_graduates,ecosystem_outcome,190,95.48,67.428264,68.06312,17.566246,8.9126,0.0,38.981896,59.13107,76.812755,94.978473,100.0,17.681685,-1.0513,3.1745,False
oxford_ind_foundational_it,ecosystem_outcome,193,96.98,57.751295,58.1,23.766135,20.4,0.3,18.8,38.2,79.2,91.04,99.0,41.0,-0.2652,-0.9875,False
oxford_ind_gender_gap_internet,ecosystem_outcome,184,92.46,92.992899,95.0,5.388611,3.275,72.0,84.0,90.0,96.666667,99.725,100.0,6.666667,-1.1349,1.5515,False
oxford_ind_github_activity_log,ecosystem_outcome,193,96.98,38.426688,38.914282,27.59817,24.535414,0.0,0.0,11.146675,62.153479,82.558039,100.0,51.006804,0.1164,-1.2488,False
oxford_ind_govt_effectiveness,ecosystem_outcome,193,96.98,48.356477,47.4,20.018319,13.6,2.2,15.8,34.6,61.6,81.48,92.8,27.0,0.1635,-0.5312,False
oxford_ind_govt_promotion_emerging_tech,ecosystem_outcome,184,92.46,39.555162,37.034,20.678568,13.36525,0.05,8.404,23.66875,49.055,76.223125,100.0,25.38625,0.6287,0.095,False
oxford_ind_govt_responsiveness,ecosystem_outcome,187,93.97,44.257698,42.625115,13.346756,8.372881,7.19746,23.903161,35.376877,51.982097,69.309115,85.220989,16.60522,0.3411,0.4092,False
oxford_ind_households_internet,ecosystem_outcome,192,96.48,63.978042,74.6,30.2924,18.055,1.91734,9.620711,32.9424,90.0925,96.324,100.0,57.1501,-0.6259,-1.0643,False
oxford_ind_ict_skills,ecosystem_outcome,181,90.95,32.608706,24.456736,23.828909,19.373107,2.660345,4.161728,10.127749,54.207823,72.540498,100.0,44.080074,0.5297,-0.8169,False
oxford_ind_ict_trade_goods_log,ecosystem_outcome,192,96.48,45.757434,45.333865,20.21255,15.298002,8.626637,15.156817,30.442361,60.846979,78.361883,100.0,30.404618,0.0944,-0.8132,False
oxford_ind_ict_trade_services_log,ecosystem_outcome,192,96.48,39.817299,39.136616,21.341492,17.427611,0.0,8.7461,21.610381,56.562706,75.520367,100.0,34.952325,0.3011,-0.662,False
oxford_ind_mobile_subscriptions,ecosystem_outcome,193,96.98,79.841884,87.076923,21.733068,12.923077,15.153846,37.415385,66.769231,100.0,100.0,100.0,33.230769,-1.0057,0.0192,False
oxford_ind_non_ai_unicorns_log,ecosystem_outcome,193,96.98,6.218146,0.0,14.93203,0.0,0.0,0.0,0.0,0.0,39.651855,100.0,0.0,3.1695,11.7946,True
oxford_ind_online_services,ecosystem_outcome,193,96.98,55.773368,54.09,24.214006,20.31,0.0,15.574,36.52,77.53,90.532,100.0,41.01,-0.1158,-0.952,False
oxford_ind_open_data,ecosystem_outcome,187,93.97,34.666674,35.75,27.363651,19.638889,0.0,0.0,0.75,51.5,81.0,90.0,50.75,0.1558,-1.1042,False
oxford_ind_procurement_data,ecosystem_outcome,187,93.97,43.955714,45.0,21.67833,15.0,0.0,3.1,28.875,58.0,77.7,96.0,29.125,-0.0656,-0.6298,False
oxford_ind_rd_spending_log,ecosystem_outcome,190,95.48,25.886285,16.820578,22.110555,8.568159,0.548271,3.235932,10.646998,39.927836,74.195944,100.0,29.280839,1.202,0.5611,False
oxford_ind_regulatory_quality,ecosystem_outcome,193,96.98,48.392746,47.0,19.969345,13.2,2.2,18.32,35.4,61.4,82.68,94.2,26.0,0.1156,-0.551,False
oxford_ind_software_spending,ecosystem_outcome,184,92.46,22.038172,17.496277,18.534847,11.651122,0.0,1.534734,6.15816,29.665555,63.095531,100.0,23.507395,1.186,1.3611,False
oxford_ind_statistical_capacity,ecosystem_outcome,192,96.48,63.454674,61.824167,17.344844,12.992083,19.617917,33.595458,52.867708,78.290729,88.260604,90.09375,25.423021,-0.3066,-0.5754,False
oxford_ind_stem_graduates,ecosystem_outcome,193,96.98,29.553348,28.108653,10.307862,5.163565,1.682002,15.290042,24.216759,35.475966,46.016671,100.0,11.259207,1.7651,10.4493,False
oxford_ind_supercomputers_log,ecosystem_outcome,193,96.98,6.579867,0.0,16.881019,0.0,0.0,0.0,0.0,0.0,46.008154,100.0,0.0,3.0238,9.7331,True
oxford_ind_telecom_infrastructure,ecosystem_outcome,193,96.98,57.868764,60.82,25.651357,21.59,0.0,14.0,36.5,80.12,92.482,100.0,43.62,-0.3345,-1.0287,False
oxford_ind_time_govt_regulations,ecosystem_outcome,180,90.45,91.071793,91.55,5.788423,3.616667,71.2,80.8,87.933333,95.625,98.62,99.9,7.691667,-0.8443,0.555,False
oxford_ind_vc_availability,ecosystem_outcome,180,90.45,17.173343,10.0,20.031566,4.777778,0.0,2.0,5.285714,21.0,51.15,100.0,15.714286,2.5799,7.1643,True
oxford_infrastructure,ecosystem_outcome,193,96.98,40.490094,35.708667,19.213698,11.475793,1.693333,15.296065,26.590201,57.401477,74.896237,88.378778,30.811276,0.5525,-0.663,False
oxford_innovation_capacity,ecosystem_outcome,193,96.98,44.818773,40.550897,13.974223,6.987065,11.003264,28.114203,35.357677,52.727467,71.211643,92.476371,17.36979,0.7886,0.4973,False
oxford_maturity,ecosystem_outcome,193,96.98,21.930117,20.171085,13.596802,9.143578,0.0,4.046257,11.933563,29.559043,47.632201,83.796707,17.62548,0.9545,1.5166,False
oxford_policy_capacity,ecosystem_outcome,195,97.99,42.387744,34.5,33.299705,30.5,0.0,0.0,12.0,76.5,92.5,100.0,64.5,0.2524,-1.4845,False
oxford_policy_commitment,ecosystem_outcome,195,97.99,41.913641,25.0,36.684491,25.0,0.0,0.0,12.5,75.0,100.0,100.0,62.5,0.2782,-1.4928,False
oxford_policy_vision,ecosystem_outcome,195,97.99,43.098872,40.0,31.165241,30.0,0.0,0.0,20.0,70.0,100.0,100.0,50.0,0.2885,-1.1542,False
oxford_public_sector_adoption,ecosystem_outcome,195,97.99,47.827897,48.35,27.493256,24.32,0.0,5.385,23.17,71.03,85.44,99.63,47.86,-0.0491,-1.3034,False
oxford_regulatory_compliance,ecosystem_outcome,195,97.99,50.915897,53.72,26.934714,20.39,0.0,1.306,30.0,70.925,88.05,92.25,40.925,-0.4106,-1.0169,False
oxford_resilience,ecosystem_outcome,195,97.99,43.213077,38.98,17.930392,11.69,7.46,19.568,29.67,56.74,77.388,90.01,27.07,0.5567,-0.4455,False
oxford_safety_security,ecosystem_outcome,195,97.99,40.02641,33.33,27.199514,16.67,0.0,0.0,23.0,63.83,100.0,100.0,40.83,0.5493,-0.4259,False
oxford_size,ecosystem_outcome,176,88.44,21.628788,18.850493,13.330441,8.360427,1.691379,5.142258,11.271387,29.024425,46.92883,87.03541,17.753038,1.2205,2.604,False
oxford_societal_transition,ecosystem_outcome,195,97.99,46.398462,44.25,15.284014,10.85,14.92,26.234,35.25,56.6,72.94,90.67,21.35,0.629,0.0797,False
oxford_technology_sector,ecosystem_outcome,193,96.98,35.220131,32.64685,13.022603,8.410124,14.26929,18.939565,25.58034,42.266749,61.40575,80.943829,16.686408,0.8469,0.1694,False
oxford_total_score,ecosystem_outcome,195,97.99,42.515333,40.19,19.135749,16.73,12.12,16.917,25.255,59.435,74.777,88.36,34.18,0.2854,-1.12,False
oxford_vision,ecosystem_outcome,193,96.98,41.450777,0.0,48.594505,0.0,0.0,0.0,0.0,100.0,100.0,100.0,100.0,0.3469,-1.8456,False
stanford_fig_3_4_4_fig_3_4_4_number_of_rai_submissions,regulatory_treatment,10,5.03,181.1,91.0,244.50651,28.5,29.0,40.25,59.75,109.75,623.9,812.0,50.0,1.9995,2.5917,False
stanford_fig_3_4_5_fig_3_4_5_number_of_rai_submissions,regulatory_treatment,84,42.21,123.630952,6.0,478.875711,5.0,1.0,1.0,2.0,40.0,373.7,3865.0,38.0,6.5404,45.4239,True
stanford_fig_3_5_2_fig_3_5_2_ai_action_summit_inclusive_2025,regulatory_treatment,58,29.15,0.724138,1.0,0.450851,0.0,0.0,0.0,0.0,1.0,1.0,1.0,1.0,-1.003,-0.994,False
stanford_fig_3_5_2_fig_3_5_2_bletchley_declaration_2023,regulatory_treatment,58,29.15,0.431034,0.0,0.499546,0.0,0.0,0.0,0.0,1.0,1.0,1.0,1.0,0.2785,-1.9224,False
stanford_fig_3_5_2_fig_3_5_2_coe_drafters_2022,regulatory_treatment,58,29.15,0.586207,1.0,0.496814,0.0,0.0,0.0,0.0,1.0,1.0,1.0,1.0,-0.3501,-1.8775,False
stanford_fig_3_5_2_fig_3_5_2_g20_ai_principles_2019,regulatory_treatment,58,29.15,0.327586,0.0,0.473432,0.0,0.0,0.0,0.0,1.0,1.0,1.0,1.0,0.7347,-1.4602,False
stanford_fig_3_5_2_fig_3_5_2_g7_hiroshima_ai_process_2023,regulatory_treatment,58,29.15,0.12069,0.0,0.328611,0.0,0.0,0.0,0.0,0.0,1.0,1.0,0.0,2.3287,3.423,True
stanford_fig_3_5_2_fig_3_5_2_gpai_ministerial_declaration_2022,regulatory_treatment,58,29.15,0.413793,0.0,0.496814,0.0,0.0,0.0,0.0,1.0,1.0,1.0,1.0,0.3501,-1.8775,False
stanford_fig_3_5_2_fig_3_5_2_oecd_ai_principles_2019,regulatory_treatment,58,29.15,0.672414,1.0,0.473432,0.0,0.0,0.0,0.0,1.0,1.0,1.0,1.0,-0.7347,-1.4602,False
stanford_fig_3_5_2_fig_3_5_2_seoul_ministerial_statement_2024,regulatory_treatment,58,29.15,0.431034,0.0,0.499546,0.0,0.0,0.0,0.0,1.0,1.0,1.0,1.0,0.2785,-1.9224,False
stanford_fig_3_6_1_fig_3_6_1_data_protection_and_privacy,regulatory_treatment,138,69.35,28.580217,21.55,29.484999,21.55,0.0,0.0,0.0,48.15,87.4745,97.31,48.15,0.7317,-0.6506,False
stanford_fig_3_7_1_fig_3_7_1_bias_and_unfair_discrimination,regulatory_treatment,138,69.35,19.437899,6.3,24.822798,6.3,0.0,0.0,0.0,34.3675,76.6255,90.8,34.3675,1.2101,0.4404,False
stanford_fig_3_7_2_fig_3_7_2_gender_equality,regulatory_treatment,138,69.35,14.74413,5.6,20.32966,5.6,0.0,0.0,0.0,23.15,53.2005,95.99,23.15,1.7576,3.0849,False
stanford_fig_3_7_3_fig_3_7_3_cultural_and_linguistic_diversity,regulatory_treatment,138,69.35,15.447971,4.635,22.608404,4.635,0.0,0.0,0.0,26.655,71.033,89.8,26.655,1.6491,1.9188,False
stanford_fig_6_3_5_fig_6_3_5_volume_of_publications,ecosystem_outcome,39,19.6,5.615385,2.0,10.857002,1.0,1.0,1.0,1.0,5.0,24.3,62.0,4.0,4.0385,17.2972,True
wb_control_of_corruption,institutional_control,196,98.49,-0.064909,-0.26011,1.013736,0.761642,-2.064721,-1.519404,-0.842945,0.641943,1.834618,2.287475,1.484888,0.4067,-0.6963,False
wb_control_of_corruption_se,institutional_control,196,98.49,0.189207,0.169688,0.055165,0.01096,0.147755,0.151682,0.160738,0.192637,0.304284,0.435253,0.031899,2.709,7.5464,True
wb_education_expenditure_pct_gdp,socioeconomic_control,179,89.95,4.392079,4.24739,2.09124,1.080189,8e-06,1.731487,3.100381,5.311126,7.643343,16.39053,2.210746,1.6548,6.7802,False
wb_electric_consumption_kwh_pc,tech_infrastructure_control,147,73.87,4210.021792,2585.270432,5772.840952,2066.972775,13.717021,100.462735,823.183464,5244.978822,13709.733998,48997.945698,4421.795358,4.0637,24.6402,True
wb_exports_pct_gdp,socioeconomic_control,172,86.43,43.524018,35.538202,32.91418,15.059086,0.72093,9.692779,22.715695,54.413127,93.243928,191.53297,31.697432,2.1845,6.3719,True
wb_fdi_net_inflows,socioeconomic_control,191,95.98,7150971478.380333,1019486410.0,31392696981.97677,998885430.0,-108395568633.839,-3687292364.393795,130012452.460864,4617882394.441825,46107243703.19945,297058000000.0,4487869941.980962,4.6131,40.4461,True
wb_fdi_pct_gdp,socioeconomic_control,189,94.97,-2.763957,2.478967,96.897212,1.802556,-1303.108267,-1.924557,0.694133,4.478085,12.053634,170.537959,3.783951,-12.8617,170.5182,True
wb_fixed_broadband_per100,tech_infrastructure_control,195,97.99,17.307395,12.464073,16.011447,11.94552,0.0,0.073248,1.869375,30.271781,45.187491,55.678082,28.402406,0.5275,-1.0892,False
wb_gdp_current_usd,socioeconomic_control,194,97.49,566890166706.5104,46731190672.875595,2536102940465.15,44486114043.34607,62280311.585217,1120842989.757025,13834468887.138401,286826791201.052,2178030851466.93,28750956130731.2,272992322313.9136,9.1073,90.2771,True
wb_gdp_growth_annual_pct,socioeconomic_control,193,96.98,3.043395,3.327623,4.587046,1.472186,-26.557526,-1.086382,1.554795,4.321224,7.152267,43.819311,2.766429,1.9265,40.2733,False
wb_gdp_per_capita_ppp,socioeconomic_control,189,94.97,29883.583287,18614.988069,29822.535942,14268.145572,1194.946814,2150.17886,7368.752753,47404.964844,83305.401268,155941.288211,40036.212091,1.568,2.7731,False
wb_government_effectiveness,institutional_control,196,98.49,0.003583,-0.081506,0.964074,0.683917,-2.172846,-1.489264,-0.708541,0.63447,1.763017,2.279627,1.343011,0.2021,-0.4802,False
wb_government_effectiveness_se,institutional_control,196,98.49,0.236843,0.22486,0.047085,0.012932,0.177319,0.184473,0.212453,0.238634,0.338699,0.433097,0.026182,1.8937,3.8931,False
wb_gross_capital_formation_pct_gdp,socioeconomic_control,168,84.42,23.234353,23.333191,7.790183,4.030076,0.252269,9.966908,18.98206,26.99031,35.861078,45.265737,8.00825,-0.0043,0.844,False
wb_high_tech_exports_pct_manufactured,socioeconomic_control,170,85.43,11.916943,6.261543,14.757911,4.875571,0.0,0.154334,2.133129,17.448781,44.76414,76.670064,15.315652,2.1582,5.0112,True
wb_ict_goods_exports_pct,socioeconomic_control,161,80.9,3.705709,0.53,8.744504,0.5,0.0,0.01,0.08,2.82,17.82,62.47,2.74,4.0506,18.9199,True
wb_ict_service_exports_pct,socioeconomic_control,173,86.93,9.969722,6.921688,11.436725,4.762188,0.058855,0.463581,2.240403,11.963953,32.358261,63.961715,9.723551,2.1707,5.3513,True
wb_inflation_consumer_prices,socioeconomic_control,181,90.95,8.694129,3.143491,22.804184,1.541605,-12.296984,0.409162,1.80023,5.408744,32.17965,219.883929,3.608514,6.2802,47.031,True
wb_internet_penetration,tech_infrastructure_control,191,95.98,71.314902,81.95706,25.959196,12.440538,6.671,18.08445,56.5232,91.283941,98.147301,100.0,34.760741,-0.9506,-0.3423,False
wb_labor_force,socioeconomic_control,181,90.95,20777369.093923,4731937.0,75699905.59801,3961669.0,33628.0,237763.0,1391230.0,13250486.0,69386649.0,767626880.0,11859256.0,8.1753,71.6894,True
wb_mobile_subscriptions_per100,socioeconomic_control,197,98.99,115.383147,115.457279,52.750107,21.351307,19.988583,49.531393,88.192937,132.548743,177.600972,574.152333,44.355806,3.8122,29.653,True
wb_patent_applications_residents,tech_infrastructure_control,135,67.84,17029.488889,104.0,126741.996983,102.0,1.0,1.0,11.0,882.0,15240.9,1426644.0,871.0,10.407,112.22,True
wb_political_stability,institutional_control,196,98.49,-0.093715,-0.035211,0.979252,0.664378,-2.750564,-2.008006,-0.654012,0.654122,1.238708,1.582354,1.308134,-0.5346,-0.3705,False
wb_political_stability_se,institutional_control,196,98.49,0.246898,0.24345,0.018898,0.007618,0.216471,0.222317,0.237364,0.251855,0.285539,0.309324,0.014491,1.3738,2.2403,False
wb_population,socioeconomic_control,197,98.99,41197003.71066,9132629.0,149419934.322539,8604830.0,9646.0,91405.2,2127400.0,31934230.0,131100759.0,1450935791.0,29806830.0,8.3157,73.8092,True
wb_rd_expenditure_pct_gdp,socioeconomic_control,117,58.79,1.039894,0.61479,1.22228,0.46736,0.00609,0.05223,0.19997,1.4943,3.30613,6.34589,1.29433,1.9916,4.5159,False
wb_regulatory_quality,institutional_control,196,98.49,-0.067356,-0.154073,0.93634,0.608792,-2.035365,-1.549858,-0.737831,0.59158,1.684302,2.13212,1.329411,0.2451,-0.4632,False
wb_regulatory_quality_se,institutional_control,196,98.49,0.213415,0.202276,0.053553,0.013771,0.149652,0.154871,0.190169,0.216344,0.300405,0.484918,0.026175,2.5908,9.307,True
wb_researchers_rd_per_million,socioeconomic_control,108,54.27,2433.636161,1101.16448,2955.855073,1040.73902,1.44569,26.727721,305.02474,3904.043035,8012.392065,18129.75165,3599.018295,2.0082,6.0873,True
wb_rule_of_law,institutional_control,196,98.49,-0.106786,-0.205636,1.002661,0.783154,-2.20545,-1.702209,-0.896917,0.600232,1.63778,2.02127,1.497149,0.1381,-0.7821,False
wb_rule_of_law_se,institutional_control,196,98.49,0.169396,0.151585,0.042341,0.006753,0.132215,0.137044,0.147094,0.183853,0.262669,0.361625,0.036759,2.4945,7.0143,True
wb_secure_servers_per_1m,socioeconomic_control,196,98.49,22087.977213,738.327133,55192.840502,722.746739,1.23158,10.828457,97.267849,12782.596854,142715.986754,464560.075958,12685.329005,4.2529,23.5591,True
wb_tertiary_education_enrollment,socioeconomic_control,157,78.89,50.547079,50.801079,31.490336,26.510484,2.566425,6.333237,22.41037,75.949654,106.273365,165.113419,53.539284,0.4336,-0.1025,False
wb_trade_pct_gdp,socioeconomic_control,172,86.43,93.202225,81.550069,58.902378,30.12457,1.995412,31.852322,51.706608,112.241184,189.284344,359.506711,60.534577,2.0373,5.9643,True
wb_unemployment_rate,socioeconomic_control,181,90.95,6.861409,5.092,5.667413,2.208,0.13,1.505,3.227,8.54,18.758,34.202,5.313,2.0675,5.3369,True
wb_voice_accountability,institutional_control,196,98.49,-0.144427,-0.110221,1.043167,0.893739,-2.289781,-1.718189,-1.021029,0.63794,1.533786,1.929425,1.658969,0.0246,-0.9936,False
wb_voice_accountability_se,institutional_control,196,98.49,0.17668,0.15768,0.051918,0.009831,0.138556,0.142237,0.151615,0.177114,0.297926,0.41932,0.025498,2.9737,9.4605,True
wipo_appcrea_score,ecosystem_outcome,104,52.26,16.611347,7.812085,24.674311,7.639162,0.0,0.003675,0.606723,20.528101,83.83592,100.0,19.921378,2.1879,4.1945,True
wipo_apptarriff_score,tech_infrastructure_control,132,66.33,73.603417,80.771379,21.781906,9.893797,0.0,32.657906,59.027386,89.714924,95.721073,100.0,30.687537,-1.1292,0.5399,False
wipo_brandval_score,ecosystem_outcome,113,56.78,14.438445,3.961682,20.532407,3.961682,0.0,0.0,0.0,22.023071,54.43348,100.0,22.023071,1.7271,2.6892,False
wipo_c_eccomplexity_score,tech_infrastructure_control,121,60.8,46.869593,44.24091,22.202419,15.241928,0.0,13.643723,30.476917,63.701545,85.583773,100.0,33.224628,0.301,-0.6619,False
wipo_c_hhi_score,tech_infrastructure_control,112,56.28,83.47478,88.330691,16.747463,7.914808,0.0,51.580812,77.49061,94.76251,98.635973,100.0,17.2719,-2.1578,6.142,True
wipo_c_hitechmanufind2_score,tech_infrastructure_control,110,55.28,33.282831,29.342217,22.999847,17.366608,0.0,3.276227,16.060361,49.782224,75.56895,100.0,33.721863,0.6079,-0.416,False
wipo_c_htexphkg_score,tech_infrastructure_control,131,65.83,16.706315,5.90146,24.396144,5.37185,0.0,0.234968,1.381716,22.043386,75.45206,100.0,20.66167,2.1669,4.3272,True
wipo_c_scitechart_score,ecosystem_outcome,131,65.83,28.612623,20.000387,24.253756,12.348256,0.0,2.584411,10.828357,41.577492,79.190565,100.0,30.749135,1.0837,0.2017,False
wipo_c_vencapdeal_score,tech_infrastructure_control,94,47.24,18.358099,9.231397,24.146203,7.235578,0.0,0.664035,3.282183,22.470498,80.169439,100.0,19.188315,2.1978,4.3306,True
wipo_cctld_score,tech_infrastructure_control,132,66.33,14.726042,2.333719,25.176934,2.283487,0.0,0.026323,0.445027,14.370884,69.525912,100.0,13.925856,2.087,3.4665,True
wipo_citdoc_score,tech_infrastructure_control,132,66.33,20.630811,11.496225,21.884429,6.897735,0.0,2.515443,5.525051,29.186685,68.695951,100.0,23.661633,1.7141,2.4472,False
wipo_compsoftspend_score,tech_infrastructure_control,125,62.81,20.970332,19.836091,17.284389,12.269931,0.0,1.123466,6.298498,28.587988,48.205045,100.0,22.28949,1.1664,2.258,False
wipo_costredu_score,tech_infrastructure_control,130,65.33,79.563378,82.838284,19.447449,12.513751,0.0,46.192362,70.202735,95.00275,100.0,100.0,24.800016,-1.6467,3.7461,False
wipo_creagoodexp_score,ecosystem_outcome,131,65.83,15.93015,4.457242,24.84745,4.217268,0.0,0.12292,1.179689,20.129481,80.484527,100.0,18.949792,2.1571,3.9557,True
wipo_cultservexp_score,tech_infrastructure_control,113,56.78,19.332368,10.94338,23.348917,9.382806,0.0,0.079659,3.290996,27.263364,62.90222,100.0,23.972368,1.8321,3.2691,False
wipo_domcred2priv_score,tech_infrastructure_control,130,65.33,25.302423,19.928413,19.725937,11.264851,0.0,2.875431,9.998471,35.261547,65.398067,100.0,25.263076,1.1723,1.1216,False
wipo_dommarksc_score,tech_infrastructure_control,132,66.33,52.76299,51.618841,16.895038,12.339328,0.0,30.798217,39.327477,63.412062,79.926133,100.0,24.084585,0.2415,0.0796,False
wipo_easecred_score,institutional_control,132,66.33,62.575758,65.0,20.9915,15.0,0.0,27.75,50.0,76.25,95.0,100.0,26.25,-0.6017,0.2349,False
wipo_easeinsol_score,institutional_control,132,66.33,53.674566,53.040345,20.007035,14.221955,0.0,26.260921,39.48576,68.53166,84.412943,92.69427,29.0459,-0.2479,-0.0732,False
wipo_easeprotinv_score,institutional_control,132,66.33,58.890909,62.0,17.606424,12.0,10.0,27.1,44.0,72.0,84.0,92.0,28.0,-0.4726,-0.4474,False
wipo_easestartbus_score,institutional_control,132,66.33,86.814789,88.418985,8.563332,4.99068,52.42046,70.416594,82.86372,93.235827,96.355652,99.97544,10.372107,-1.2363,1.7698,False
wipo_elecout_score,ecosystem_outcome,124,62.31,17.370254,11.508996,18.563505,8.299287,0.0,0.577581,4.318372,23.101652,58.274742,100.0,18.78328,2.1128,5.5353,True
wipo_entmedia_score,tech_infrastructure_control,63,31.66,26.549172,13.799032,26.969578,12.469975,0.0,0.910232,4.963809,50.590249,75.975134,100.0,45.62644,0.946,-0.1273,False
wipo_envperf_score,tech_infrastructure_control,130,65.33,50.114615,46.6,15.970783,11.85,25.1,29.18,37.425,63.55,78.81,82.5,26.125,0.4367,-0.9322,False
wipo_epart_score,tech_infrastructure_control,131,65.83,68.402137,71.43,21.182913,15.47,15.48,30.95,51.785,85.71,97.62,100.0,33.925,-0.4385,-0.8029,False
wipo_expedu_score,socioeconomic_control,114,57.29,44.464276,45.357728,19.756702,12.870534,0.0,14.200401,31.097817,56.061435,77.287886,100.0,24.963618,0.395,0.0622,False
wipo_fdinetinfl_score,tech_infrastructure_control,132,66.33,44.180797,42.876448,12.6453,2.683118,0.0,33.721669,40.140347,45.349396,61.699248,100.0,5.209049,1.9659,9.4107,False
wipo_femempdeg_score,tech_infrastructure_control,124,62.31,38.450158,36.748397,26.961136,21.799147,0.0,1.620114,16.533043,60.125807,82.323136,100.0,43.592764,0.2865,-1.0499,False
wipo_firmtrain_score,tech_infrastructure_control,98,49.25,37.782944,34.379263,22.042792,14.051842,0.0,8.976808,20.600273,50.375171,81.896317,100.0,29.774898,0.6848,-0.1108,False
wipo_gdpener_score,tech_infrastructure_control,124,62.31,29.835513,28.072415,17.896347,10.415477,0.0,7.920935,17.880294,38.4669,61.68861,100.0,20.586606,1.317,2.7459,False
wipo_gentld_score,tech_infrastructure_control,132,66.33,13.985901,2.806862,23.567067,2.638548,0.0,0.057362,0.871288,13.396591,73.072169,100.0,12.525304,2.1386,3.7152,True
wipo_gerdfinabr_score,tech_infrastructure_control,102,51.26,15.561711,7.320792,20.193672,6.894407,0.0,0.039171,1.567922,23.723999,52.056212,100.0,22.156077,2.1084,5.1204,True
wipo_gerdfinbus_score,tech_infrastructure_control,103,51.76,40.328058,45.230335,28.680163,23.357877,0.0,0.478585,11.352121,62.654929,84.537766,100.0,51.302808,0.082,-1.1079,False
wipo_gerdperf_score,tech_infrastructure_control,89,44.72,15.604894,8.158868,19.548632,7.383212,0.0,0.192248,1.41047,20.734027,51.500452,100.0,19.323558,1.9078,4.0986,False
wipo_gii_score,ecosystem_outcome,141,70.85,31.225591,28.480284,13.468388,8.901696,11.909935,14.421053,20.951048,39.994374,57.035492,65.961951,19.043326,0.6943,-0.4818,False
wipo_goveff_score,institutional_control,132,66.33,55.548365,52.513142,20.071256,15.163134,0.0,27.265119,39.20427,72.735369,89.903824,100.0,33.531099,0.2428,-0.6417,False
wipo_govfundpup_score,tech_infrastructure_control,102,51.26,29.655708,29.4516,16.474108,8.726391,0.0,5.015872,19.819718,37.101932,53.112372,100.0,17.282214,0.9452,2.5482,False
wipo_govolserv_score,tech_infrastructure_control,131,65.83,67.574809,70.59,19.50879,14.7,19.41,30.585,52.645,84.12,94.71,100.0,31.475,-0.4998,-0.5659,False
wipo_grocap_score,tech_infrastructure_control,126,63.32,29.516509,26.571146,14.510802,7.050035,0.0,10.268201,21.402881,34.827207,55.073527,100.0,13.424327,1.3994,4.0682,False
wipo_hitechimp_score,tech_infrastructure_control,131,65.83,28.434896,24.093489,19.987559,8.23908,0.0,5.323151,17.152459,33.423722,78.960495,100.0,16.271263,1.8083,3.6227,False
wipo_ictacc_score,tech_infrastructure_control,132,66.33,62.461773,66.959329,20.624607,16.344334,21.665122,25.915157,44.787166,79.820258,90.229628,95.051625,35.033093,-0.3308,-1.1223,False
wipo_ictorgmod_score,tech_infrastructure_control,125,62.81,55.580095,54.433393,12.933173,9.387819,21.689014,37.393968,47.233069,63.983329,78.692614,83.734417,16.75026,0.1453,-0.4214,False
wipo_ictservexp_score,tech_infrastructure_control,131,65.83,19.520629,14.036279,21.422349,10.244361,0.0,1.199775,4.957039,26.186929,55.146208,100.0,21.22989,2.122,5.0507,True
wipo_ictsevimp_score,tech_infrastructure_control,131,65.83,30.939314,25.358468,22.139829,14.543011,0.0,5.115317,13.042045,44.31585,71.284457,100.0,31.273804,0.9637,0.6288,False
wipo_ictuse_score,tech_infrastructure_control,132,66.33,54.759216,57.607782,24.356905,18.705961,3.083421,12.539732,38.515483,76.280431,86.78085,90.438198,37.764948,-0.4243,-0.9934,False
wipo_in_1_1_1_score,tech_infrastructure_control,141,70.85,58.45476,60.666667,21.079638,14.666667,0.0,20.0,46.666667,75.333333,86.666667,100.0,28.666667,-0.6051,0.012,False
wipo_in_1_1_2_score,tech_infrastructure_control,141,70.85,46.207726,43.399503,22.575676,17.110911,0.0,15.08999,27.352482,61.540514,83.00016,100.0,34.188033,0.2696,-0.7042,False
wipo_in_1_1_score,tech_infrastructure_control,141,70.85,52.331243,53.577952,21.145878,15.611604,0.0,19.113064,37.227585,68.286115,86.301805,98.666667,31.05853,-0.1184,-0.5476,False
wipo_in_1_2_1_score,tech_infrastructure_control,141,70.85,49.720465,49.074068,21.918309,15.904374,0.0,18.151566,33.129214,64.696886,87.099233,100.0,31.567672,0.1474,-0.6809,False
wipo_in_1_2_2_score,tech_infrastructure_control,141,70.85,53.242564,49.143829,23.278023,16.79272,0.0,21.863783,36.721329,69.292367,94.028808,100.0,32.571038,0.1762,-0.6504,False
wipo_in_1_2_3_score,tech_infrastructure_control,133,66.83,79.845388,84.378439,19.321645,11.441146,0.0,46.738336,70.579923,95.104511,100.0,100.0,24.524589,-1.6771,3.8679,False
wipo_in_1_2_score,tech_infrastructure_control,141,70.85,52.016028,48.559642,21.616275,15.714701,0.0,22.130912,36.245606,67.483623,90.182804,97.403589,31.238018,0.285,-0.7528,False
wipo_in_1_3_1_score,tech_infrastructure_control,136,68.34,47.531795,46.275069,21.667665,17.615143,0.0,12.981727,30.611082,65.196294,79.727964,100.0,34.585212,0.0294,-0.7272,False
wipo_in_1_3_2_score,tech_infrastructure_control,93,46.73,41.502688,41.438337,22.601412,14.931315,0.0,9.247587,25.780681,53.077495,78.133699,100.0,27.296814,0.4456,-0.2587,False
wipo_in_1_3_score,tech_infrastructure_control,138,69.35,44.782968,43.759388,20.896799,15.697532,0.0,9.50558,28.657074,60.141666,77.181859,100.0,31.484593,0.0875,-0.5662,False
wipo_in_1_score,tech_infrastructure_control,141,70.85,49.601907,48.958414,19.055015,14.444053,1.878481,18.279251,34.609744,65.257289,81.233109,98.690085,30.647544,0.0973,-0.6196,False
wipo_in_2_1_1_score,tech_infrastructure_control,137,68.84,43.122134,41.956448,16.589639,10.653357,0.0,17.664454,31.946999,52.702933,70.485854,100.0,20.755935,0.292,0.7579,False
wipo_in_2_1_2_score,tech_infrastructure_control,116,58.29,30.735211,28.801201,18.45666,11.273265,0.0,3.70659,17.560085,40.131296,63.149163,100.0,22.57121,0.7233,0.8609,False
wipo_in_2_1_3_score,tech_infrastructure_control,130,65.33,52.70971,54.763283,21.843681,14.323131,0.0,15.475151,37.043607,67.725662,86.794403,100.0,30.682055,-0.2257,-0.4642,False
wipo_in_2_1_4_score,tech_infrastructure_control,86,43.22,42.220608,42.156779,22.842069,18.115667,0.0,8.180068,24.582236,60.448889,75.159164,100.0,35.866653,0.064,-0.8656,False
wipo_in_2_1_5_score,tech_infrastructure_control,137,68.84,74.819403,80.459196,20.097592,10.037874,0.0,35.734313,66.30124,89.782995,95.086137,100.0,23.481754,-1.4558,2.0677,False
wipo_in_2_1_score,tech_infrastructure_control,141,70.85,49.523407,49.680991,14.367847,10.897964,0.400894,26.869492,40.566034,61.123031,69.987241,91.338512,20.556997,-0.3401,0.3943,False
wipo_in_2_2_1_score,tech_infrastructure_control,135,67.84,29.353181,30.952094,19.588978,15.956287,0.0,2.013489,11.500588,44.782657,60.051251,100.0,33.282069,0.3738,-0.1044,False
wipo_in_2_2_2_score,tech_infrastructure_control,119,59.8,43.53701,43.062574,21.724073,13.906428,0.0,7.315476,30.538841,58.417192,83.413289,100.0,27.878351,0.1704,-0.3667,False
wipo_in_2_2_3_score,tech_infrastructure_control,122,61.31,17.338882,10.545295,20.54244,9.034165,0.0,0.544317,2.974532,24.325891,53.111549,100.0,21.35136,2.068,4.9207,True
wipo_in_2_2_score,tech_infrastructure_control,136,68.34,28.84507,29.901129,15.39963,11.179144,0.0,4.477684,17.507798,39.031091,52.853369,73.412593,21.523293,0.1147,-0.3425,False
wipo_in_2_3_1_score,tech_infrastructure_control,118,59.3,20.288634,7.9646,24.606262,7.703553,0.0,0.166326,1.704694,34.746109,68.573561,100.0,33.041415,1.3026,0.7335,False
wipo_in_2_3_2_score,tech_infrastructure_control,121,60.8,15.34307,9.394156,17.624998,7.028689,0.0,0.667349,3.0945,22.344767,51.940851,100.0,19.250266,1.9595,4.5783,False
wipo_in_2_3_3_score,tech_infrastructure_control,140,70.35,19.466909,0.0,30.59834,0.0,0.0,0.0,0.0,46.051309,81.886337,100.0,46.051309,1.1001,-0.4249,False
wipo_in_2_3_4_score,tech_infrastructure_control,141,70.85,21.523073,10.276545,27.02536,10.276545,0.0,0.0,0.0,39.09184,79.378628,100.0,39.09184,1.1525,0.2872,False
wipo_in_2_3_score,tech_infrastructure_control,141,70.85,18.225084,7.003911,22.585846,6.979188,0.0,0.0,0.861889,28.502271,66.428343,83.961762,27.640381,1.2052,0.1987,False
wipo_in_2_score,tech_infrastructure_control,141,70.85,32.2638,30.401614,14.752106,10.887169,5.517167,12.763458,19.886427,42.696462,58.575082,66.991373,22.810035,0.4228,-0.7426,False
wipo_in_3_1_1_score,tech_infrastructure_control,140,70.35,77.305182,84.278428,22.624515,12.920878,0.0,34.002174,63.438358,96.013754,99.826664,100.0,32.575396,-1.0795,0.3912,False
wipo_in_3_1_2_score,tech_infrastructure_control,141,70.85,68.798591,77.536747,24.366425,10.813451,0.0,12.717133,61.005155,84.818058,94.488189,100.0,23.812903,-1.271,0.7731,False
wipo_in_3_1_3_score,tech_infrastructure_control,140,70.35,61.347288,66.562602,24.613103,19.410859,0.0,19.602026,39.735145,82.436147,93.468498,100.0,42.701002,-0.3554,-1.0037,False
wipo_in_3_1_4_score,tech_infrastructure_control,135,67.84,53.388321,53.494321,23.616408,19.758518,0.0,19.888468,32.559091,72.096593,95.344316,100.0,39.537501,0.0463,-0.9385,False
wipo_in_3_1_score,tech_infrastructure_control,141,70.85,69.310146,75.373119,21.912935,14.010887,10.333793,25.366891,56.814267,87.389245,95.010296,98.595105,30.574978,-0.8209,-0.2672,False
wipo_in_3_2_1_score,tech_infrastructure_control,134,67.34,18.613017,12.208022,20.898906,9.449952,0.0,0.431043,3.800951,24.806634,64.541704,100.0,21.005683,2.0613,4.5749,True
wipo_in_3_2_2_score,tech_infrastructure_control,131,65.83,42.982909,38.604651,25.971906,20.422833,0.0,9.090909,21.860465,63.636364,86.363636,100.0,41.775899,0.3312,-1.006,False
wipo_in_3_2_3_score,tech_infrastructure_control,134,67.34,38.836784,36.684398,20.290112,11.509445,0.0,9.487581,26.96771,48.859775,80.487895,100.0,21.892065,0.6938,0.5342,False
wipo_in_3_2_score,tech_infrastructure_control,141,70.85,33.282383,32.973075,15.989816,11.69888,3.133304,8.910441,20.860914,43.725653,64.296402,73.670883,22.864739,0.3598,-0.335,False
wipo_in_3_3_1_score,tech_infrastructure_control,134,67.34,26.136913,22.764503,17.288196,9.567357,0.0,6.192262,14.713018,33.530393,56.077865,100.0,18.817374,1.64,3.7742,False
wipo_in_3_3_2_score,tech_infrastructure_control,140,70.35,26.62547,22.37711,22.687088,14.585433,0.0,0.547255,8.207782,38.632111,73.712052,100.0,30.424329,1.0605,0.7698,False
wipo_in_3_3_3_score,tech_infrastructure_control,141,70.85,16.813607,7.457556,21.297885,6.41436,0.0,0.466806,2.208012,20.939988,65.906045,100.0,18.731975,1.8163,2.8734,False
wipo_in_3_3_score,tech_infrastructure_control,141,70.85,22.924346,19.943377,13.02708,9.19071,1.064434,6.106481,13.154622,34.09035,45.152581,57.367066,20.935728,0.5112,-0.6441,False
wipo_in_3_score,tech_infrastructure_control,141,70.85,41.838958,41.565471,13.395003,11.207665,11.055644,21.628592,30.957269,52.970332,62.868322,68.827346,22.013063,-0.0688,-0.8161,False
wipo_in_4_1_1_score,tech_infrastructure_control,93,46.73,50.842953,50.947707,21.82645,15.297079,0.0,17.40978,34.664894,63.968861,89.123132,100.0,29.303967,0.0896,-0.5175,False
wipo_in_4_1_2_score,tech_infrastructure_control,137,68.84,21.380571,16.689047,18.919876,9.702542,0.0,1.17985,8.200355,30.327798,58.185006,100.0,22.127444,1.4936,2.3788,False
wipo_in_4_1_3_score,tech_infrastructure_control,68,34.17,19.076738,10.776165,23.538256,8.278699,0.0,0.03395,4.393269,28.01155,63.2307,100.0,23.618281,2.0246,4.0024,True
wipo_in_4_1_score,tech_infrastructure_control,141,70.85,29.93867,27.961553,19.744418,14.22304,0.0,2.799215,14.179649,43.552713,66.47,92.559341,29.373065,0.6082,-0.2141,False
wipo_in_4_2_1_score,tech_infrastructure_control,88,44.22,21.539824,12.275406,23.489168,8.984481,0.0,1.27349,6.324722,28.610268,80.136381,100.0,22.285546,2.0004,3.9151,True
wipo_in_4_2_2_score,tech_infrastructure_control,129,64.82,16.005101,5.840467,22.814075,4.396785,0.0,0.500215,2.477312,20.540149,65.958948,100.0,18.062836,2.2142,4.5971,True
wipo_in_4_2_3_score,tech_infrastructure_control,121,60.8,6.607471,1.214038,14.572895,1.158155,0.0,0.006064,0.205574,6.028243,31.175194,100.0,5.822669,3.9945,18.5791,True
wipo_in_4_2_4_score,tech_infrastructure_control,125,62.81,7.904123,3.414042,12.751656,2.869647,0.0,0.122573,1.068918,9.22942,31.608294,100.0,8.160502,3.9013,21.4385,True
wipo_in_4_2_5_score,tech_infrastructure_control,116,58.29,18.303416,5.97159,25.916114,4.893907,0.0,0.640089,1.993945,23.374697,88.999287,100.0,21.380752,1.9062,2.8739,False
wipo_in_4_2_score,tech_infrastructure_control,132,66.33,12.761808,5.598931,15.221915,4.384641,0.117656,0.562442,2.322774,19.07371,46.759697,65.270232,16.750935,1.5859,1.7724,False
wipo_in_4_3_1_score,tech_infrastructure_control,140,70.35,69.513814,81.503881,26.544242,11.084169,0.0,9.569232,54.321168,89.551469,94.660705,100.0,35.230301,-1.0777,0.0908,False
wipo_in_4_3_2_score,tech_infrastructure_control,120,60.3,76.133819,83.620901,22.163374,11.600374,0.0,31.214641,65.175237,91.966193,97.661944,100.0,26.790957,-1.6666,2.9016,False
wipo_in_4_3_3_score,tech_infrastructure_control,141,70.85,52.37982,52.334365,18.053272,12.487144,0.0,26.955984,39.613645,64.092852,80.278746,100.0,24.479207,-0.1514,0.4502,False
wipo_in_4_3_score,tech_infrastructure_control,141,70.85,64.391843,68.275669,18.132167,11.766808,10.055189,30.794409,52.376989,78.532388,87.247636,94.552737,26.1554,-0.7375,-0.1384,False
wipo_in_4_score,tech_infrastructure_control,141,70.85,36.253927,35.386266,13.873337,8.290895,6.009651,14.567556,27.317572,44.800616,59.487752,75.034915,17.483044,0.2927,-0.2723,False
wipo_in_5_1_1_score,tech_infrastructure_control,134,67.34,37.479816,32.726712,23.96187,19.104946,0.0,3.736936,17.146974,58.897137,75.845594,100.0,41.750163,0.3452,-0.8894,False
wipo_in_5_1_2_score,tech_infrastructure_control,135,67.84,42.681301,40.789929,30.299316,26.849076,0.0,1.996084,14.213436,66.56056,94.038941,100.0,52.347123,0.297,-1.1065,False
wipo_in_5_1_3_score,tech_infrastructure_control,140,70.35,43.104732,36.105024,27.575696,19.78234,0.0,11.524536,18.894297,61.874165,90.748859,100.0,42.979868,0.5191,-0.9864,False
wipo_in_5_1_4_score,tech_infrastructure_control,106,53.27,17.376556,7.8157,21.980083,7.574482,0.0,0.05851,1.245603,25.64209,61.421954,100.0,24.396487,1.6746,2.6307,False
wipo_in_5_1_5_score,tech_infrastructure_control,135,67.84,36.030729,35.53591,27.945685,25.498526,0.0,0.891496,8.507258,57.659335,80.241647,100.0,49.152078,0.3284,-1.0065,False
wipo_in_5_1_score,tech_infrastructure_control,141,70.85,37.81532,35.347622,13.854239,8.989175,9.182798,19.686275,27.413377,45.213935,62.088475,85.044032,17.800558,0.6741,0.2214,False
wipo_in_5_2_1_score,tech_infrastructure_control,140,70.35,20.205742,12.660751,20.829345,8.09702,0.0,1.684741,5.991896,23.512959,60.470459,100.0,17.521063,1.7693,2.859,False
wipo_in_5_2_2_score,tech_infrastructure_control,136,68.34,37.374453,35.028878,18.790563,12.998642,0.0,9.865362,24.004354,52.652358,66.851118,100.0,28.648004,0.3551,-0.1439,False
wipo_in_5_2_3_score,tech_infrastructure_control,134,67.34,38.364632,31.705866,27.993623,17.501321,0.0,3.894984,14.938448,54.762888,95.028409,100.0,39.82444,0.7092,-0.5795,False
wipo_in_5_2_4_score,tech_infrastructure_control,140,70.35,48.462565,44.422508,24.036925,16.708826,0.0,9.050035,30.996622,69.68799,89.043223,100.0,38.691368,0.1438,-0.7485,False
wipo_in_5_2_5_score,tech_infrastructure_control,141,70.85,8.021455,0.715611,15.312131,0.715611,0.0,0.0,0.0,7.222081,39.153933,100.0,7.222081,2.8232,10.0151,True
wipo_in_5_2_score,tech_infrastructure_control,141,70.85,29.459936,24.3257,18.389688,9.201963,0.255436,6.494686,16.047655,37.667342,67.449973,80.647081,21.619686,0.8952,-0.0094,False
wipo_in_5_3_1_score,tech_infrastructure_control,141,70.85,16.188925,13.26094,16.000513,8.923014,0.0,0.0,4.337925,21.989457,43.899882,100.0,17.651531,1.9552,5.676,False
wipo_in_5_3_2_score,tech_infrastructure_control,139,69.85,27.743716,23.790409,18.475655,7.743955,0.0,6.704124,16.502849,32.501679,68.029115,100.0,15.99883,1.8087,4.0152,False
wipo_in_5_3_3_score,tech_infrastructure_control,141,70.85,20.6524,17.518614,17.177829,8.946105,0.0,2.958969,8.126173,26.03849,50.001053,100.0,17.912317,1.9826,5.5827,False
wipo_in_5_3_4_score,tech_infrastructure_control,140,70.35,47.261065,44.694265,15.18075,4.415609,0.0,28.208283,41.18917,49.992743,73.520515,100.0,8.803572,0.9913,4.4113,False
wipo_in_5_3_5_score,tech_infrastructure_control,90,45.23,37.775988,37.677236,29.879989,28.801321,0.0,0.612805,7.549957,62.701423,89.577556,100.0,55.151466,0.3068,-1.1724,False
wipo_in_5_3_score,tech_infrastructure_control,141,70.85,28.860248,26.354462,11.091328,7.223335,10.71776,15.040733,20.53866,35.977163,49.625323,63.680442,15.438502,0.7854,0.0254,False
wipo_in_5_score,tech_infrastructure_control,141,70.85,32.045168,27.959024,12.381105,6.125919,10.20493,17.77593,22.815481,38.156051,55.958587,65.902816,15.34057,0.9482,0.0385,False
wipo_in_score,tech_infrastructure_control,141,70.85,38.400752,36.514777,13.149764,8.92692,17.226613,20.801782,27.684836,47.061906,62.674552,68.745495,19.377069,0.5384,-0.6691,False
wipo_industdes_score,ecosystem_outcome,121,60.8,15.740449,6.223413,22.775741,5.383157,0.0,0.186929,1.856126,16.393277,74.015116,100.0,14.537151,2.1598,4.1811,True
wipo_intelproppay_score,tech_infrastructure_control,125,62.81,19.886887,13.863099,21.783114,10.844517,0.0,0.092652,4.238995,26.150655,63.527598,100.0,21.911661,1.8397,3.5594,False
wipo_intelproprec_score,tech_infrastructure_control,114,57.29,15.748548,3.150365,28.00426,3.053763,0.0,0.032344,0.604529,9.412005,93.100197,100.0,8.807476,2.072,3.0206,True
wipo_isoenv_score,tech_infrastructure_control,132,66.33,13.493276,6.239629,18.442982,5.226907,0.0,0.407331,1.556234,15.262504,59.226303,100.0,13.70627,2.1087,4.4692,True
wipo_isoqual_score,tech_infrastructure_control,132,66.33,17.169876,9.341076,20.532912,7.11329,0.0,0.710683,3.434057,20.768808,56.883381,100.0,17.334751,1.9187,3.5932,False
wipo_jvstratall_score,tech_infrastructure_control,127,63.82,15.883212,7.319788,21.056705,4.634596,0.0,1.47754,3.623817,15.88405,64.895592,100.0,12.260233,2.1347,4.0669,True
wipo_knowintsemp_score,tech_infrastructure_control,124,62.31,40.782467,36.561372,24.967107,19.434329,0.0,2.805811,20.240132,59.661651,82.237826,100.0,39.421519,0.2954,-0.8689,False
wipo_logperf_score,tech_infrastructure_control,125,62.81,44.751672,37.422551,25.182703,15.144533,0.0,12.060617,24.704378,61.706521,90.433891,100.0,37.002143,0.5093,-0.8033,False
wipo_markcap_score,tech_infrastructure_control,75,37.69,20.300988,13.77097,20.284552,8.080953,0.0,1.567313,7.436995,26.95727,56.469241,100.0,19.520275,2.1672,5.3312,True
wipo_microloan_score,tech_infrastructure_control,83,41.71,19.212453,5.512024,29.719795,5.427647,0.0,0.015483,1.257473,25.610441,100.0,100.0,24.352968,1.8907,2.2991,False
wipo_natfeatfilm_score,tech_infrastructure_control,108,54.27,18.342089,11.131413,20.872303,9.032102,0.0,0.547095,3.56575,24.312678,60.939901,100.0,20.746928,1.9521,4.134,False
wipo_newbus_score,tech_infrastructure_control,121,60.8,13.884934,5.741107,18.537676,4.779811,0.0,0.341234,2.133693,16.815154,60.086632,100.0,14.681461,2.22,5.2035,True
wipo_out_6_1_1_score,ecosystem_outcome,140,70.35,17.162028,11.52954,19.148663,8.751798,0.0,0.376889,3.899761,22.067924,57.643676,100.0,18.168163,1.9529,4.2774,False
wipo_out_6_1_2_score,ecosystem_outcome,125,62.81,14.362963,3.070959,22.670061,3.070959,0.0,0.0,0.512273,19.396733,68.454326,100.0,18.884461,2.0071,3.4461,True
wipo_out_6_1_3_score,ecosystem_outcome,88,44.22,15.586077,4.779145,22.566982,4.779145,0.0,0.0,0.808085,24.422489,57.22182,100.0,23.614405,2.1618,4.86,True
wipo_out_6_1_4_score,ecosystem_outcome,141,70.85,27.168472,19.920063,23.137543,12.234399,0.0,2.340848,10.22514,38.168371,79.792475,100.0,27.943231,1.136,0.5114,False
wipo_out_6_1_5_score,ecosystem_outcome,141,70.85,20.070108,11.378446,21.988694,7.318296,0.0,1.60401,4.711779,28.320802,70.275689,100.0,23.609023,1.7059,2.4153,False
wipo_out_6_1_score,ecosystem_outcome,141,70.85,19.442848,12.938514,17.321039,8.230546,0.342343,1.631553,6.599816,27.197355,56.876466,70.299782,20.597539,1.1639,0.4749,False
wipo_out_6_2_1_score,ecosystem_outcome,139,69.85,49.234777,50.012568,17.505113,9.387343,0.0,16.449928,39.93937,59.100412,79.515048,100.0,19.161042,-0.1541,0.7772,False
wipo_out_6_2_2_score,ecosystem_outcome,140,70.35,14.072718,0.0,26.565676,0.0,0.0,0.0,0.0,16.29005,81.130764,100.0,16.29005,2.1078,3.4866,True
wipo_out_6_2_3_score,ecosystem_outcome,139,69.85,18.429813,15.79878,16.741735,10.575688,0.0,0.952982,4.266726,25.648669,48.901183,100.0,21.381943,1.4092,2.9429,False
wipo_out_6_2_4_score,ecosystem_outcome,137,68.84,26.506548,20.975272,22.547907,15.86759,0.0,1.176128,6.92564,41.870876,70.089379,100.0,34.945235,0.8858,0.1556,False
wipo_out_6_2_5_score,ecosystem_outcome,110,55.28,34.238889,29.93278,23.781523,18.031277,0.0,3.539909,14.072596,50.888262,76.976227,100.0,36.815666,0.5299,-0.5967,False
wipo_out_6_2_score,ecosystem_outcome,141,70.85,27.305973,24.343589,13.555361,8.370499,0.974279,9.478393,18.193978,34.991131,51.392868,78.708675,16.797153,0.87,1.0596,False
wipo_out_6_3_1_score,ecosystem_outcome,141,70.85,13.758831,3.277356,22.932766,3.240991,0.0,0.0,0.723925,14.741434,69.405708,100.0,14.017509,2.1776,3.9703,True
wipo_out_6_3_2_score,ecosystem_outcome,130,65.33,50.566136,47.661475,21.680534,16.028303,0.0,18.265975,34.47511,66.854896,86.640449,100.0,32.379786,0.225,-0.5579,False
wipo_out_6_3_3_score,ecosystem_outcome,139,69.85,14.708809,5.052594,21.531362,4.645373,0.0,0.187461,1.081402,21.802366,57.080148,100.0,20.720964,2.2179,5.0544,True
wipo_out_6_3_4_score,ecosystem_outcome,141,70.85,19.493527,12.308173,21.578337,9.892152,0.0,1.140178,3.891208,27.098981,59.14166,100.0,23.207774,1.8836,3.8152,False
wipo_out_6_3_5_score,ecosystem_outcome,139,69.85,18.164529,10.703475,20.095667,8.438313,0.0,1.012767,4.00026,24.67432,56.1727,100.0,20.67406,1.7839,3.2532,False
wipo_out_6_3_score,ecosystem_outcome,141,70.85,22.644192,18.120833,15.799145,10.001002,0.502933,3.894682,10.152546,32.565414,51.856423,62.757332,22.412868,0.7373,-0.5671,False
wipo_out_6_score,ecosystem_outcome,141,70.85,23.131004,20.495274,13.785064,9.148042,5.45628,7.796023,11.892012,30.455139,52.650074,60.70452,18.563127,0.9702,0.2313,False
wipo_out_7_1_1_score,ecosystem_outcome,83,41.71,68.561976,76.098387,24.402206,9.875991,0.0,17.546978,63.274916,83.125829,95.984821,100.0,19.850913,-1.3849,1.3095,False
wipo_out_7_1_2_score,ecosystem_outcome,139,69.85,18.358887,14.323866,16.899805,8.211604,0.0,1.643958,7.287867,23.374829,48.040598,100.0,16.086962,2.1243,6.4305,True
wipo_out_7_1_3_score,ecosystem_outcome,124,62.31,17.378412,3.665267,25.959462,3.665267,0.0,0.0,0.0,27.099377,82.662234,100.0,27.099377,1.6371,1.709,False
wipo_out_7_1_4_score,ecosystem_outcome,135,67.84,24.846877,18.803967,23.049065,13.36198,0.0,0.644838,6.630779,37.002546,70.277313,100.0,30.371768,1.1968,0.9427,False
wipo_out_7_1_score,ecosystem_outcome,141,70.85,25.904151,23.885386,18.948241,14.9366,0.0,2.198028,9.241473,39.07024,58.030838,81.208703,29.828766,0.5508,-0.4826,False
wipo_out_7_2_1_score,ecosystem_outcome,124,62.31,17.464072,9.6602,23.028056,7.77369,0.0,0.158051,2.585789,21.076547,74.230195,100.0,18.490758,2.1598,4.3415,True
wipo_out_7_2_2_score,ecosystem_outcome,93,46.73,21.671674,12.439509,22.632937,10.144493,0.0,1.440699,5.177607,33.494012,72.021187,100.0,28.316404,1.7516,3.1743,False
wipo_out_7_2_3_score,ecosystem_outcome,65,32.66,24.437952,11.22774,25.000162,10.066704,0.0,1.170256,3.546395,45.141519,67.202047,100.0,41.595124,0.9562,-0.0454,False
wipo_out_7_2_4_score,ecosystem_outcome,139,69.85,16.116225,5.051169,25.367319,4.748245,0.0,0.11222,0.952668,18.993037,86.02078,100.0,18.040369,2.1795,4.01,True
wipo_out_7_2_5_score,ecosystem_outcome,131,65.83,16.282422,4.919,26.170221,4.648863,0.0,0.100802,1.172746,19.221362,95.134525,100.0,18.048616,2.1972,3.9382,True
wipo_out_7_2_score,ecosystem_outcome,141,70.85,16.688366,9.841134,15.727333,8.82962,0.040789,0.512154,3.530797,29.451805,47.048383,63.993785,25.921008,0.8281,-0.315,False
wipo_out_7_3_1_score,ecosystem_outcome,141,70.85,16.140181,3.493888,25.616332,3.263642,0.0,0.092995,0.826756,19.798734,78.476659,100.0,18.971978,1.9263,2.8186,False
wipo_out_7_3_2_score,ecosystem_outcome,141,70.85,20.098651,6.577245,26.420115,6.098727,0.0,0.231422,2.613333,28.636608,80.426532,100.0,26.023276,1.5193,1.2128,False
wipo_out_7_3_3_score,ecosystem_outcome,139,69.85,58.316339,64.350149,20.813668,9.210891,0.0,1.368369,51.113001,71.251058,80.832405,100.0,20.138057,-1.3745,1.6603,False
wipo_out_7_3_4_score,ecosystem_outcome,127,63.82,61.375024,65.10115,18.988713,9.305248,0.0,25.758181,55.158976,74.01994,82.743391,100.0,18.860964,-1.4287,2.3043,False
wipo_out_7_3_score,ecosystem_outcome,141,70.85,31.382763,24.446554,21.260931,9.473004,0.132988,0.754609,18.420722,40.51416,71.215199,91.518239,22.093438,0.9089,0.1545,False
wipo_out_7_score,ecosystem_outcome,141,70.85,24.969857,21.742258,16.08654,11.724748,0.97206,4.461596,10.89956,35.157135,55.59854,68.797898,24.257574,0.5604,-0.6249,False
wipo_out_score,ecosystem_outcome,141,70.85,24.050431,20.521018,14.49066,10.029426,3.242986,6.663312,11.885105,32.726806,52.620636,64.452732,20.841701,0.7561,-0.2899,False
wipo_patfam_score,ecosystem_outcome,127,63.82,14.001974,0.809086,27.41577,0.809086,0.0,0.0,0.13974,8.650767,94.827177,100.0,8.511027,2.2004,3.6669,True
wipo_patorig_score,ecosystem_outcome,131,65.83,16.765111,6.929591,25.652858,5.848202,0.0,0.167198,1.383872,16.109643,82.331431,100.0,14.725771,2.1782,3.8145,True
wipo_pctpatorig_score,ecosystem_outcome,117,58.79,15.439239,2.654175,27.266023,2.654175,0.0,0.0,0.424636,14.663051,88.469819,100.0,14.238415,2.0725,3.2124,True
wipo_pisa_score,socioeconomic_control,79,39.7,48.91795,52.495636,21.506009,16.243209,0.0,13.66889,32.677926,67.151836,76.118964,100.0,34.47391,-0.1521,-0.7605,False
wipo_polstab_score,institutional_control,132,66.33,68.885282,69.642859,13.768799,9.821428,0.0,50.0,60.267859,79.017857,89.285714,100.0,18.749999,-0.8542,3.4983,False
wipo_printmedia_score,tech_infrastructure_control,102,51.26,22.518893,18.701651,17.779124,8.012897,0.0,3.735521,11.515707,28.305598,49.003686,100.0,16.78989,2.0657,5.8452,True
wipo_pupteachr_score,tech_infrastructure_control,124,62.31,74.190485,80.623315,20.901939,10.841511,0.0,37.346102,65.917203,89.197204,96.028633,100.0,23.280001,-1.3619,1.7185,False
wipo_qsrank_score,tech_infrastructure_control,132,66.33,20.531313,8.833333,25.932665,8.833333,0.0,0.0,0.0,35.116667,77.738333,98.766667,35.116667,1.1778,0.4021,False
wipo_r_growppp20_score,tech_infrastructure_control,120,60.3,59.362908,59.02127,14.934406,8.5397,0.0,36.136681,50.346143,66.945979,84.712021,100.0,16.599837,-0.103,1.585,False
wipo_r_vencapdeal_score,tech_infrastructure_control,89,44.72,22.691353,8.736357,29.71541,7.506997,0.0,0.78691,2.569989,28.95076,100.0,100.0,26.38077,1.6198,1.4763,False
wipo_rdcompexp_score,tech_infrastructure_control,132,66.33,19.501322,0.0,31.191865,0.0,0.0,0.0,0.0,45.849729,85.221945,100.0,45.849729,1.1648,-0.2377,False
wipo_rdexp_score,socioeconomic_control,116,58.29,19.006752,11.843717,20.41341,8.980976,0.0,1.13061,4.776366,25.587598,64.35301,100.0,20.811232,1.7035,2.7921,False
wipo_regqua_score,institutional_control,132,66.33,50.03986,45.358036,23.359774,16.540005,0.0,18.456647,32.332836,69.830349,90.624778,100.0,37.497513,0.2696,-0.851,False
wipo_resppop_score,tech_infrastructure_control,108,54.27,23.781939,9.412115,27.072677,9.125948,0.0,0.183489,1.989128,44.886939,76.903279,100.0,42.89781,1.0478,-0.1098,False
wipo_restalbus_score,tech_infrastructure_control,87,43.72,37.739096,33.309746,28.653176,26.028081,0.0,0.407972,8.713827,61.462361,86.458991,100.0,52.748534,0.2658,-1.132,False
wipo_ruleol_score,institutional_control,132,66.33,50.424625,44.147771,24.527134,16.322432,0.0,18.843539,31.717863,67.345252,96.270179,100.0,35.627389,0.4663,-0.8169,False
wipo_schlifeexp_score,tech_infrastructure_control,119,59.8,55.546945,58.501809,21.256145,13.393398,0.0,18.336965,41.422602,69.82486,90.756421,100.0,28.402259,-0.2927,-0.373,False
wipo_scienggrad_score,socioeconomic_control,110,55.28,38.827026,37.209324,20.598048,12.102271,0.0,5.702167,25.753076,49.864331,72.767053,100.0,24.111254,0.509,0.4406,False
wipo_sp11_score,tech_infrastructure_control,132,66.33,59.994004,57.578289,17.473701,12.922681,0.0,36.981021,46.987894,74.363523,89.722835,100.0,27.37563,0.0539,-0.1444,False
wipo_sp12_score,tech_infrastructure_control,132,66.33,64.573804,64.604021,18.01016,12.35056,17.352893,34.033074,52.871767,77.589866,93.616145,99.054229,24.718098,-0.2309,-0.2844,False
wipo_sp13_score,tech_infrastructure_control,132,66.33,70.244678,71.27563,12.322167,9.21481,31.33212,51.250237,61.687292,79.771062,88.428914,93.08035,18.08377,-0.3337,-0.2653,False
wipo_sp21_score,tech_infrastructure_control,131,65.83,48.343602,50.696749,14.723764,9.521086,11.450474,24.644531,37.44504,58.862878,71.687264,82.521935,21.417838,-0.2115,-0.3922,False
wipo_sp22_score,tech_infrastructure_control,130,65.33,30.754568,33.086861,15.468665,10.69447,0.975117,5.791022,18.714561,42.831993,53.759822,63.443919,24.117432,-0.1683,-0.8485,False
wipo_sp23_score,tech_infrastructure_control,132,66.33,19.387888,7.362044,23.685225,6.994795,0.0,0.0,1.601572,33.728207,68.709154,89.7857,32.126635,1.2004,0.1862,False
wipo_sp31_score,tech_infrastructure_control,132,66.33,63.381372,66.585998,19.878375,14.528085,21.325005,29.355026,45.295532,79.505204,90.262114,94.791714,34.209672,-0.3893,-1.0031,False
wipo_sp32_score,tech_infrastructure_control,132,66.33,30.217219,28.614748,12.534183,7.347964,2.640523,12.50294,21.7448,37.96212,52.347273,67.329878,16.21732,0.5202,0.1618,False
wipo_sp33_score,tech_infrastructure_control,132,66.33,30.854777,28.014241,12.560032,8.747261,12.720935,15.203067,20.093442,41.305975,51.908759,60.441603,21.212533,0.5109,-0.8951,False
wipo_sp41_score,tech_infrastructure_control,132,66.33,41.395501,40.595438,15.911487,8.799464,0.327112,15.141989,32.453018,49.496887,68.814113,87.956719,17.043869,0.3839,0.9334,False
wipo_sp42_score,tech_infrastructure_control,132,66.33,34.362082,30.973329,16.935333,8.624903,3.971318,16.961923,23.215138,41.206239,74.200358,88.443162,17.991101,1.314,1.3887,False
wipo_sp43_score,tech_infrastructure_control,132,66.33,67.053243,68.680118,14.658174,9.877638,26.749566,39.547524,58.280456,78.414973,87.662191,96.926945,20.134517,-0.5524,-0.1259,False
wipo_sp51_score,tech_infrastructure_control,132,66.33,34.069547,30.761634,18.215104,12.759897,3.339196,8.872795,20.732472,44.683185,65.927851,78.08931,23.950713,0.5375,-0.4568,False
wipo_sp52_score,tech_infrastructure_control,132,66.33,25.802303,20.391714,15.283632,5.730437,1.234099,11.427219,16.523939,30.520687,58.51296,82.061374,13.996748,1.355,1.5106,False
wipo_sp53_score,tech_infrastructure_control,132,66.33,29.437761,26.509392,13.453143,9.108414,11.400624,13.251386,18.677983,37.216935,54.7431,70.702423,18.538952,0.8074,-0.0593,False
wipo_sp61_score,tech_infrastructure_control,132,66.33,21.196323,14.734975,19.622676,8.951246,0.384329,2.362564,6.2589,30.267303,65.503891,86.591084,24.008403,1.3219,1.0116,False
wipo_sp62_score,tech_infrastructure_control,132,66.33,29.123105,29.260724,12.217135,8.298601,1.78207,5.718544,20.903409,37.231828,49.766549,56.877458,16.328419,-0.0763,-0.3043,False
wipo_sp63_score,tech_infrastructure_control,132,66.33,21.872028,16.140565,17.053933,9.094689,0.307901,3.185694,8.728403,30.563227,55.165748,72.579194,21.834824,1.0521,0.319,False
wipo_sp71_score,tech_infrastructure_control,132,66.33,32.398719,30.393738,14.85212,10.93407,5.615891,12.021033,20.280798,43.57236,57.612742,74.0564,23.291562,0.5297,-0.3051,False
wipo_sp72_score,tech_infrastructure_control,132,66.33,17.443526,14.035261,13.775872,9.493733,0.039059,1.218695,6.116374,26.417304,42.920839,63.665201,20.30093,0.7757,-0.0596,False
wipo_sp73_score,tech_infrastructure_control,132,66.33,23.808305,17.071235,18.956173,9.550641,0.001615,4.07863,9.260259,32.166082,61.727468,72.489224,22.905823,1.0068,-0.1701,False
wipo_statclustdev_score,tech_infrastructure_control,127,63.82,48.707052,46.47456,11.312723,7.330946,25.863751,31.596587,42.048039,56.607087,68.847602,73.690796,14.559048,0.3298,-0.5139,False
wipo_tertenrol_score,socioeconomic_control,128,64.32,32.966889,33.598413,20.820596,16.679715,0.0,3.475063,14.641825,48.951182,63.517689,100.0,34.309357,0.2924,-0.537,False
wipo_tertmob_score,tech_infrastructure_control,111,55.78,17.878112,11.998349,20.626375,9.463642,0.0,0.533006,3.910308,23.853939,54.995914,100.0,19.943631,2.1739,5.3274,True
wipo_tradmkorig_score,tech_infrastructure_control,127,63.82,34.835846,29.52132,26.166986,18.743025,0.0,2.398298,13.762975,51.141712,83.023508,100.0,37.378737,0.7298,-0.3508,False
wipo_unirescoll_score,tech_infrastructure_control,127,63.82,45.086598,42.793318,13.56907,9.675666,16.977513,26.3729,35.857832,53.534508,69.991827,79.216417,17.676675,0.4654,-0.4155,False
wipo_utilmodorig_score,ecosystem_outcome,80,40.2,21.130127,9.1141,27.479711,8.723852,0.0,0.0,1.215279,29.977489,93.936802,100.0,28.76221,1.6207,1.7836,False
wipo_wikiedit_score,ecosystem_outcome,131,65.83,51.102827,49.320837,24.71085,22.537196,0.0,15.042993,29.058654,73.528504,87.171569,100.0,44.46985,-0.0161,-1.1816,False
