pais_original,year,scale,framework,total_score,government,technology_sector,data_infrastructure,vision,governance_ethics,digital_capacity,adaptability,maturity,innovation_capacity,human_capital,infrastructure,data_availability,data_representativeness
United States of America,2022,0-100,3_pillars_10_dims,85.72133804,86.20660091,81.67365015,89.28376304,100.0,89.22102197,82.73737,72.86801168,84.73682128,93.01616383,67.26796535,88.338,80.01328912,99.5
Singapore,2022,0-100,3_pillars_10_dims,84.1162602,89.67926241,68.49824042,94.17127778,100.0,84.46744373,91.06602667,83.18357923,54.68195596,77.66687529,73.14589003,92.284,91.07983333,99.15
United Kingdom,2022,0-100,3_pillars_10_dims,78.54010209,81.80721709,65.56971106,88.24337813,100.0,88.06736168,74.17440667,64.98710002,52.672374,76.60827836,67.42848081,84.138,83.91171828,96.68
Finland,2022,0-100,3_pillars_10_dims,77.59332703,87.80395514,58.70558427,86.27044168,100.0,89.18998943,84.33088,77.69495111,41.50045393,71.72872822,62.88757065,87.95066667,81.90547091,88.96
Canada,2022,0-100,3_pillars_10_dims,77.38916245,84.10594337,64.41014296,83.65140102,100.0,86.96634523,78.69118667,70.7662416,51.71829893,76.84459453,64.66753541,83.368,77.52752156,90.06
Republic of Korea,2022,0-100,3_pillars_10_dims,76.75699843,86.816844,53.95513065,89.49902062,100.0,84.46373288,91.57611667,71.22752646,37.46005003,64.1438185,60.26152344,89.268,95.63675,83.59
France,2022,0-100,3_pillars_10_dims,75.78358408,83.04049701,59.3594424,84.95081284,100.0,84.14350368,84.90431,63.11417437,49.93517277,67.72842483,60.41472959,85.872,78.06768828,90.91
Australia,2022,0-100,3_pillars_10_dims,75.29178001,81.81908125,54.11468623,89.94157255,100.0,86.36005883,76.18916667,64.72709952,35.8706112,63.16072424,63.31272324,83.678,87.14671764,99.0
Japan,2022,0-100,3_pillars_10_dims,75.2536366,81.21898096,56.090212,88.45171684,100.0,84.68085419,73.05203333,67.14303631,36.61897225,70.94529328,60.70637048,86.166,92.82183333,86.37
Netherlands,2022,0-100,3_pillars_10_dims,75.11228339,78.23424407,59.94020309,87.16240301,100.0,68.51625362,79.80272667,64.617996,48.12281364,67.1395932,64.55820242,90.86,84.43149981,86.2
Denmark,2022,0-100,3_pillars_10_dims,74.79016756,83.26029132,58.39463463,82.71557673,100.0,86.78485666,75.67481653,70.5814921,42.82535187,67.4846297,64.87392231,89.354,75.59554467,83.2
Norway,2022,0-100,3_pillars_10_dims,73.0897855,81.10871503,53.43532959,84.7253119,100.0,88.45145867,69.04514987,66.93825157,43.53704677,60.81660185,55.95234014,82.94266667,84.30027545,86.93
Sweden,2022,0-100,3_pillars_10_dims,73.05606154,74.03249059,61.47333601,83.66235803,100.0,68.51443507,80.90088333,46.71464395,43.69143784,72.95865005,67.76992014,90.282,75.22257212,85.48
Taiwan,2022,0-100,3_pillars_10_dims,72.78496134,77.40113829,55.01666192,85.9370838,100.0,61.93368516,77.93367378,69.73719422,35.53288925,64.89084578,64.62625073,88.63433333,78.22138471,90.96
Germany,2022,0-100,3_pillars_10_dims,72.64159902,75.21989624,60.41656762,82.28833321,100.0,68.66548773,74.99590667,57.21819056,46.24231611,72.57441136,62.43297539,84.41,75.50494546,86.95
Austria,2022,0-100,3_pillars_10_dims,71.49081059,76.86406545,53.54861855,84.05974775,100.0,65.43516823,77.03282333,64.98827025,42.62125751,60.4983425,57.52625563,81.048,85.41075758,85.72
China,2022,0-100,3_pillars_10_dims,70.83634174,78.75335119,59.84129666,73.91437736,100.0,73.86205097,82.28366667,58.86768712,57.36487627,66.45875116,55.70026256,82.248,62.55814133,76.94
Ireland,2022,0-100,3_pillars_10_dims,70.75787951,69.89510614,57.5962622,84.78227019,100.0,63.37756577,60.79519667,55.40766213,53.81423549,57.98912334,60.98542778,79.522,76.78714806,98.04
Estonia,2022,0-100,3_pillars_10_dims,70.14246449,80.00297661,51.95297743,78.47143942,100.0,68.50933561,80.96045333,70.54211749,36.49588994,66.9657764,52.39726596,61.936,85.57475,87.9
Israel,2022,0-100,3_pillars_10_dims,70.11641725,63.3278098,64.99719243,82.02424952,50.0,63.97215991,76.20453333,63.13454596,49.63836978,86.97094604,58.38226147,87.758,72.92716667,85.39
Belgium,2022,0-100,3_pillars_10_dims,69.94696786,72.01059176,54.78352623,83.04678558,100.0,63.6462671,66.86514987,57.53095009,43.92260335,63.91483337,56.51314197,80.32,70.32035673,98.5
United Arab Emirates,2022,0-100,3_pillars_10_dims,68.54401914,73.52510744,52.18913371,79.91781628,100.0,49.35051617,88.90762333,55.84229024,35.3298061,57.40761304,63.82998199,84.772,65.91383333,89.07
Switzerland,2022,0-100,3_pillars_10_dims,68.49444385,56.16490963,60.55350841,88.76491352,0.0,85.70971722,67.84223,71.1076913,47.46154881,72.63023426,61.56874217,90.738,86.04371336,89.51
Italy,2022,0-100,3_pillars_10_dims,68.40631647,75.27560073,49.09459497,80.84875373,100.0,80.81780784,69.88961,50.39498507,36.7212898,51.53080122,59.03169389,77.216,74.25916667,91.07
Portugal,2022,0-100,3_pillars_10_dims,68.11883424,74.49935831,49.94699783,79.91014658,100.0,63.65104732,73.3076,61.03878591,35.46315699,53.5975946,60.7802419,80.724,77.21680503,81.79
Luxembourg,2022,0-100,3_pillars_10_dims,67.90883906,82.5719618,43.32012009,77.83443529,100.0,71.00276546,86.58319667,72.70188508,36.15098395,48.99388671,44.8154896,67.66666667,75.30247222,90.53
Spain,2022,0-100,3_pillars_10_dims,67.82500746,71.81627569,48.69740576,82.96134094,100.0,62.61042929,72.45277,52.20190347,37.74843927,51.80473331,56.53904472,83.01,79.35438856,86.52
New Zealand,2022,0-100,3_pillars_10_dims,67.81782093,63.23320591,50.45177683,89.76848005,50.0,66.3241314,74.32697,62.28172223,31.69927278,57.22440326,62.43165446,84.486,88.28887679,96.53
Malaysia,2022,0-100,3_pillars_10_dims,67.37403813,77.69845964,50.26213028,74.16152446,100.0,62.99820577,78.47102667,69.32460612,34.41451929,53.38010013,62.99177142,79.03,74.11008333,69.34
Czech Republic,2022,0-100,3_pillars_10_dims,67.05055789,70.5043067,48.61077863,82.03658835,100.0,57.49247035,66.76231,57.76244646,34.29874046,52.0312786,59.50231683,81.64066667,78.83044685,85.64
Thailand,2022,0-100,3_pillars_10_dims,64.63063705,76.77014929,38.70472434,78.41703751,100.0,72.90010704,77.20139,56.97910013,25.58285953,48.25019662,42.28111687,79.312,76.96216667,78.98
India,2022,0-100,3_pillars_10_dims,63.66522524,75.58427727,48.57987038,66.83152807,100.0,81.7215783,69.44262333,51.17290746,32.64935823,54.00699136,59.08326153,65.396,59.44709876,75.65
Malta,2022,0-100,3_pillars_10_dims,62.75184823,80.64994351,38.80482915,68.80077203,100.0,82.75777147,76.58826,63.25374256,33.07879269,39.90947349,43.42622128,61.352,61.86072844,83.19
Poland,2022,0-100,3_pillars_10_dims,62.65072579,68.72363189,45.05237013,74.17617534,100.0,59.43011428,65.46811667,49.99629661,29.96698863,46.06588316,59.1242386,75.62,66.11638889,80.79
Chile,2022,0-100,3_pillars_10_dims,62.51743318,71.27418214,39.31002131,76.96809609,100.0,57.92390876,66.00994,61.16287978,31.1655976,38.02253172,48.74193462,78.968,73.98741667,77.95
Qatar,2022,0-100,3_pillars_10_dims,62.37304734,69.34169436,41.69938513,76.07806254,100.0,57.18577487,71.40765,48.77335257,30.99125613,41.14219903,52.96470024,61.182,69.60233333,97.45
Brazil,2022,0-100,3_pillars_10_dims,62.36663855,69.62159774,43.43316724,74.04515065,100.0,57.13220186,72.02013,49.33405912,33.07591139,46.24513937,50.97845095,73.318,72.15826846,76.66
Lithuania,2022,0-100,3_pillars_10_dims,62.20182711,74.38544179,43.94614952,68.27389,100.0,64.89006586,72.09971,60.55199131,30.371486,51.85574733,49.61121523,61.468,61.50675,81.85
Saudi Arabia,2022,0-100,3_pillars_10_dims,61.96247066,73.8104046,42.82828195,69.24872541,100.0,46.60518043,87.51431,61.12212798,29.65129665,39.78293861,59.0506106,62.992,74.67725478,70.08
Russian Federation,2022,0-100,3_pillars_10_dims,61.48426081,76.21026672,43.8794013,64.36311441,100.0,74.83123399,71.38691667,58.62291622,23.49074905,46.17446997,61.97298487,36.588,73.23808333,83.26
Slovenia,2022,0-100,3_pillars_10_dims,61.4463947,71.14770746,41.61680906,71.5746676,100.0,58.39744776,70.48838,55.70500206,27.67089353,50.9013787,46.27815495,60.75466667,75.13440698,78.83
Hungary,2022,0-100,3_pillars_10_dims,61.43939487,69.22115865,39.44536155,75.6516644,100.0,57.80896898,65.57966667,53.49599896,32.27681876,41.83496197,44.22430392,75.966,71.18747571,79.8
Indonesia,2022,0-100,3_pillars_10_dims,60.89255185,73.84687089,41.51322073,67.31756391,100.0,61.1958863,72.50501,61.68658726,26.12496591,45.18795245,53.22674383,71.948,60.8605,69.14
Bulgaria,2022,0-100,3_pillars_10_dims,60.33310733,65.69509824,37.56411861,77.74010513,100.0,53.65984719,62.24156333,46.87898245,26.52978837,41.5536786,44.60888885,76.876,74.8212441,81.52
Iceland,2022,0-100,3_pillars_10_dims,59.84295226,50.63279518,49.43944747,79.45661414,0.0,63.92522425,73.19647,65.40948647,34.36120492,62.45012535,51.50701216,65.45466667,83.23414675,89.68
Latvia,2022,0-100,3_pillars_10_dims,59.84242562,70.60740077,39.19491064,69.72496547,100.0,60.7833801,63.62632667,58.01989629,28.85170564,40.12600492,48.60702136,59.33266667,68.9112961,80.93
Colombia,2022,0-100,3_pillars_10_dims,59.37944898,74.27162593,35.05240683,68.81431419,100.0,71.33949158,67.71278333,58.0342288,20.94329187,37.10881416,47.10511447,69.834,61.19308333,75.42
Cyprus,2022,0-100,3_pillars_10_dims,59.14788556,68.34832321,40.90838899,68.18694447,100.0,59.91544539,58.98399667,54.49385077,32.02784948,45.17043257,45.52688493,57.62666667,64.65847222,82.28
Turkey,2022,0-100,3_pillars_10_dims,58.97375556,75.48372128,39.93284532,61.50470008,100.0,75.97795899,73.43290667,52.52401944,28.38499463,40.94470223,50.46883908,51.146,65.49957568,67.87
Greece,2022,0-100,3_pillars_10_dims,58.56101347,54.37046412,44.70627718,76.60629913,50.0,58.27976131,60.41139333,48.79070184,32.93679059,42.4676456,58.71439534,72.552,73.02129191,84.25
Uruguay,2022,0-100,3_pillars_10_dims,58.2470919,71.1020602,32.2010208,71.43819469,100.0,59.88457245,69.22754667,55.29612168,24.89078869,27.55689055,44.15538317,57.07,73.22508333,84.02
Oman,2022,0-100,3_pillars_10_dims,57.83051152,69.2773661,34.74233619,69.47183227,100.0,56.9796802,74.08539333,46.04439086,20.60205634,34.97904066,48.64591156,56.478,71.38725,80.55
Argentina,2022,0-100,3_pillars_10_dims,57.38681671,65.56243864,33.56401642,73.03399508,100.0,50.89962497,63.78267,47.56745957,24.23108286,33.42866678,43.03229963,72.338,75.39916667,71.36
Philippines,2022,0-100,3_pillars_10_dims,55.41679531,65.02223707,36.33095569,64.89719318,100.0,53.68211009,58.39002333,48.01681483,26.44473314,40.20903783,42.3390961,69.522,58.68466667,66.48
Viet Nam,2022,0-100,3_pillars_10_dims,53.96052747,66.77174652,39.18355431,55.92628157,100.0,52.31665738,66.45079,48.3195387,27.27330789,38.91541276,51.36194227,33.724,66.59175,67.46
Bahrain,2022,0-100,3_pillars_10_dims,53.59440928,45.14264383,36.86687947,78.77370455,0.0,51.95842874,73.39108667,55.22105991,30.09586744,37.10412932,43.40064164,77.41,73.39333333,85.52
Mauritius,2022,0-100,3_pillars_10_dims,53.38242963,68.65330186,31.15803804,60.33594897,100.0,61.1243642,63.63887333,49.84996992,23.46012424,40.13096986,29.88302002,49.787,59.70275,71.52
Romania,2022,0-100,3_pillars_10_dims,53.29633,50.96338485,36.62351692,72.30208822,50.0,57.9507189,52.94634,42.95648051,28.56416708,34.5828996,46.72348406,78.568,67.49197789,70.85
Serbia,2022,0-100,3_pillars_10_dims,52.96174925,68.69780694,35.43763432,54.74980648,100.0,56.20923404,67.98256667,50.59942706,21.57595053,38.82095313,45.9159993,33.406,55.76524867,75.08
Ukraine,2022,0-100,3_pillars_10_dims,52.79602255,68.96089823,34.68382593,54.7433435,100.0,51.28673061,66.06691333,58.48994896,28.92596148,33.73288853,41.39262778,31.62,66.33683333,66.27
Peru,2022,0-100,3_pillars_10_dims,51.97236356,64.50761812,29.87368963,61.53578294,100.0,48.6736596,62.78035667,46.57645623,18.23185918,28.74872379,42.64048591,47.942,63.98950654,72.68
Mexico,2022,0-100,3_pillars_10_dims,51.78355316,43.05477115,38.84596967,73.44991865,0.0,55.3603631,66.15553,50.70319149,26.26612884,39.57887861,50.69290155,71.252,70.6679502,78.43
Jordan,2022,0-100,3_pillars_10_dims,51.76399042,67.54379962,36.19691228,51.55125937,100.0,61.35566697,64.16418333,44.65534817,20.85194814,42.22005518,45.51873352,28.148,52.52235489,73.98
Slovakia,2022,0-100,3_pillars_10_dims,51.22626911,41.70612339,39.20411097,72.76857297,0.0,60.46912475,57.58268333,48.77268547,32.92370336,41.90005797,42.78857159,58.86466667,77.719,81.72
Egypt,2022,0-100,3_pillars_10_dims,49.41720556,63.4604206,36.0745064,48.71668969,100.0,51.4176637,61.10474333,41.31927538,16.82808336,40.97524523,50.42019061,29.242,43.9803633,72.93
Croatia,2022,0-100,3_pillars_10_dims,48.58505521,40.70324542,36.12006008,68.93186012,0.0,56.67370832,60.88303333,45.25624005,26.21444751,38.23271732,43.91301539,75.70266667,57.57764663,73.52
Brunei Darussalam,2022,0-100,3_pillars_10_dims,48.05568313,37.8120077,42.63062801,63.72441366,0.0,24.98437565,61.39172933,64.87192583,30.25581669,44.96527546,52.67079188,46.07733333,63.8279,81.27
South Africa,2022,0-100,3_pillars_10_dims,47.74442738,37.89559783,37.60370819,67.73397613,0.0,57.33388488,55.62073333,38.6277731,26.06393529,41.50121923,45.24597003,74.418,57.355,71.43
Kuwait,2022,0-100,3_pillars_10_dims,47.67990454,37.39529874,34.71754862,70.92686626,0.0,51.09088986,54.91257333,43.57773176,31.85846447,29.80293384,42.49124754,55.298,71.12458333,86.36
Tunisia,2022,0-100,3_pillars_10_dims,46.80606294,48.63096255,36.91763116,54.8695951,50.0,55.27408186,55.66795667,33.58181169,21.27129095,39.73257125,49.7490313,26.25,58.74068608,79.62
North Macedonia,2022,0-100,3_pillars_10_dims,46.10847621,50.66259277,32.0454817,55.61735416,50.0,55.21072993,51.87222333,45.5674178,22.39542454,28.98981872,44.75120186,48.948,49.86031935,68.04
Kazakhstan,2022,0-100,3_pillars_10_dims,45.78086433,48.40344777,29.21669903,59.72244619,0.0,54.18830781,75.67039,63.75509326,15.47775451,33.62597692,38.54636566,30.8,74.10500564,74.26
Lebanon,2022,0-100,3_pillars_10_dims,45.71549399,51.09230569,33.99203086,52.06214542,100.0,40.14201063,39.48011667,24.74709548,22.0425214,32.51623853,47.41733266,25.088,54.81400672,76.28
Azerbaijan,2022,0-100,3_pillars_10_dims,45.55120353,56.85394497,30.58488893,49.21477668,50.0,53.7546611,66.53855333,57.12256546,13.90358976,37.45134723,40.39972981,35.67,48.72483548,63.25
Iran,2022,0-100,3_pillars_10_dims,45.29521769,45.07807283,34.10237904,56.7052012,50.0,47.91255071,53.37808333,29.02165726,18.39479289,37.18405727,46.72828697,49.372,52.571,68.17
Montenegro,2022,0-100,3_pillars_10_dims,45.19895959,39.26106084,33.13110654,63.20471139,0.0,50.15659721,53.9527,52.93494616,27.57755339,29.64005271,42.17571354,54.276,64.83656061,70.5
Andorra,2022,0-100,3_pillars_10_dims,45.15885579,38.57243067,32.58229083,64.32184587,0.0,49.90149327,40.8304832,63.55774622,36.94057597,46.40246789,14.40382863,42.36266667,64.38212774,86.22
Costa Rica,2022,0-100,3_pillars_10_dims,44.96926052,40.3749866,33.02285101,61.50994396,0.0,56.54442238,56.15604333,48.7994807,26.7478699,30.62851525,41.69216788,33.90766667,69.81558333,80.81
Uzbekistan,2022,0-100,3_pillars_10_dims,44.50639995,49.90068196,24.44894346,59.16957444,50.0,46.39491874,62.21581,40.99199911,15.38078248,26.03522864,31.93081926,47.19533333,59.61240312,70.7
Bangladesh,2022,0-100,3_pillars_10_dims,43.62840762,58.4836569,24.80179892,47.59976704,100.0,30.76691052,63.90799,39.25972708,10.21996343,30.47504559,33.71038773,21.628,58.17828203,62.99
Dominican Republic,2022,0-100,3_pillars_10_dims,42.15738701,42.67410553,24.49444042,59.30361507,0.0,54.2731941,59.23108,57.19214804,15.43250407,22.63328704,35.41753015,47.714,53.79943386,76.4
Albania,2022,0-100,3_pillars_10_dims,42.0977979,41.98351276,30.65768329,53.65219765,0.0,52.38493335,61.63351,53.91560768,17.18516264,30.00851956,44.77936766,25.514,64.93964801,70.5
Republic of Moldova,2022,0-100,3_pillars_10_dims,42.03558654,41.75492243,28.26273496,56.08910224,0.0,52.81891211,63.49645667,50.70432093,18.76295621,26.31720559,39.70804308,28.604,66.02359726,73.64
Armenia,2022,0-100,3_pillars_10_dims,41.91047934,43.59290679,31.07471288,51.06381836,0.0,50.36243889,66.47527,57.53391826,20.14038133,29.14180259,43.94195473,32.998,53.72554241,66.47
Fiji,2022,0-100,3_pillars_10_dims,41.75570206,38.57092146,34.33534822,52.3608365,0.0,26.77125748,66.26425,61.24817836,22.42010929,45.27246976,35.31346561,36.51133333,56.04616575,64.53
Panama,2022,0-100,3_pillars_10_dims,41.48689612,38.2939505,29.13833111,57.02840673,0.0,47.46010897,58.54193333,47.17375972,24.71027164,25.12678697,37.57793473,31.05,58.65691667,81.38
Morocco,2022,0-100,3_pillars_10_dims,41.31130191,34.80676446,33.99854277,55.12859851,0.0,52.51812757,45.06245,41.64648028,19.96394417,39.52255246,42.50913168,48.224,49.04325,68.12
Georgia,2022,0-100,3_pillars_10_dims,40.79056687,41.2319953,29.35037138,51.78933392,0.0,56.59282596,53.31195462,55.02320064,18.0855264,30.15795794,39.80762978,33.13092308,53.23208333,69.0
Bahamas,2022,0-100,3_pillars_10_dims,40.74236429,33.95495095,30.54416661,57.72797531,0.0,44.85347978,49.95255889,41.01376514,28.89897728,24.84200856,37.89151399,35.034,55.94253229,82.21
Kenya,2022,0-100,3_pillars_10_dims,40.35660716,40.36149755,28.75953101,51.9487929,0.0,55.52829532,61.64308,44.27461488,12.85325621,39.76892091,33.65641591,46.644,43.3983893,65.8
Belarus,2022,0-100,3_pillars_10_dims,40.27136657,32.35757046,32.30340899,56.15312027,0.0,42.83127815,49.27362128,37.32538239,21.98372631,32.06515528,42.86134539,35.16492308,59.77616724,73.52
Pakistan,2022,0-100,3_pillars_10_dims,40.22052841,44.31974041,34.6735833,41.66826151,50.0,39.8043399,47.50109667,39.97352507,15.6106018,40.28891321,48.1212349,22.122,49.15143839,53.73
Rwanda,2022,0-100,3_pillars_10_dims,40.20366886,53.28252051,28.13515048,39.1933356,50.0,54.55391033,65.91996,42.65621172,8.549937003,41.9655972,33.88991724,21.274,40.37865199,55.93
Seychelles,2022,0-100,3_pillars_10_dims,39.87192314,37.21411347,27.29929483,55.10236111,0.0,36.63409671,48.0125,64.20985718,27.57538878,25.75242729,28.57006843,60.66,49.54472222,
Tonga,2022,0-100,3_pillars_10_dims,39.80367582,36.68004992,32.45978961,50.27118795,0.0,38.66388363,49.07758333,58.9787327,24.73438949,41.64877677,30.99620257,31.63333333,48.64189916,70.54
Barbados,2022,0-100,3_pillars_10_dims,39.53011484,32.77135565,31.41927334,54.39971553,0.0,36.43185251,41.39822556,53.25534455,27.46091633,28.02886575,38.76803793,33.718,54.72500873,74.76
Nigeria,2022,0-100,3_pillars_10_dims,39.10120996,44.90852086,23.08072301,49.31438601,50.0,49.50642619,43.12425667,37.00340056,10.78364717,30.59977979,27.85874209,42.666,30.15144086,75.13
Botswana,2022,0-100,3_pillars_10_dims,38.36432707,33.42458882,26.61474718,55.05364523,0.0,50.02492163,37.46354667,46.20988697,17.85897011,26.89108044,35.09419098,45.594,44.16983333,75.4
Bhutan,2022,0-100,3_pillars_10_dims,37.91424365,37.32929176,26.68834787,49.72509132,0.0,43.29768296,59.45963133,46.55985276,15.08402986,29.04173308,35.93928067,25.7756,62.30319454,61.1
Antigua and Barbuda,2022,0-100,3_pillars_10_dims,37.91159431,32.61527015,25.17542971,55.94408307,0.0,44.60539638,40.20222556,45.65345865,26.19974196,24.84200856,24.48453861,31.044,57.40183333,79.39
Ecuador,2022,0-100,3_pillars_10_dims,37.3586778,36.07303852,26.54753224,49.45546264,0.0,42.66373305,61.71278,39.91564102,19.67357448,25.9172344,34.05178785,25.53766667,54.94316751,67.89
Mongolia,2022,0-100,3_pillars_10_dims,37.21364782,35.20881506,26.6769265,49.7552019,0.0,43.06389144,58.58308333,39.18828546,18.25730489,24.84911083,36.92436378,26.914,62.05666667,60.29
Jamaica,2022,0-100,3_pillars_10_dims,37.09045226,34.29816198,29.98754095,46.98565384,0.0,46.03579032,42.8036,48.35325761,23.73765552,29.81995371,36.40501363,27.456,41.45601675,72.04
Ghana,2022,0-100,3_pillars_10_dims,36.56305785,47.22058769,22.81851736,39.65006852,50.0,59.05729606,48.33358333,31.49147135,8.532688433,32.84449338,27.07837026,25.302,34.71478347,58.93
Sri Lanka,2022,0-100,3_pillars_10_dims,36.23061644,30.18841318,30.91652088,47.58691527,0.0,28.90335178,63.00415333,28.84614759,22.36471553,29.96591701,40.4189301,28.768,55.07658333,58.92
Trinidad and Tobago,2022,0-100,3_pillars_10_dims,36.1712009,30.13839706,28.43648047,49.93872516,0.0,42.75093195,37.79652333,40.00613294,22.17417889,23.33033371,39.80492882,27.726,44.09,78.0
Saint Lucia,2022,0-100,3_pillars_10_dims,35.85863778,29.78458801,27.49595936,50.29536597,0.0,43.03697506,40.284455,35.81692198,21.18784002,24.43995371,36.86008434,27.79533333,55.3491203,67.74
Benin,2022,0-100,3_pillars_10_dims,35.83543571,48.39553051,22.98781191,36.12296472,50.0,51.58267317,50.10144333,41.89800553,8.741841821,23.91085982,36.31073407,18.032,25.60004724,64.74
Tajikistan,2022,0-100,3_pillars_10_dims,35.83071587,41.80757544,19.78529365,45.89927851,50.0,35.36723352,35.98107,45.88199825,5.851347035,24.4279942,29.07653971,40.784,42.76666355,54.15
Paraguay,2022,0-100,3_pillars_10_dims,35.45868855,36.77186838,21.44232117,48.1618761,0.0,48.13994591,47.21385333,51.73367426,13.77111109,19.67987054,30.8759819,25.116,46.39332709,72.98
Algeria,2022,0-100,3_pillars_10_dims,35.32545863,30.16661684,29.93052253,45.87923652,0.0,39.5384781,45.09685333,36.03113593,11.18686347,35.99262538,42.61207873,27.816,47.62052051,62.2
Bosnia and Herzegovina,2022,0-100,3_pillars_10_dims,35.16653037,26.69570084,27.98356209,50.82032818,0.0,39.21486623,33.26801333,34.2999238,18.78028849,21.8557859,43.31461187,28.978,50.15821838,73.32
Suriname,2022,0-100,3_pillars_10_dims,35.10760082,29.58735405,26.08858149,49.64686693,0.0,45.13325339,30.04778833,43.16837445,19.31225691,24.43995371,34.51353385,30.60733333,51.82629762,66.51
Guatemala,2022,0-100,3_pillars_10_dims,34.92596868,29.60095971,23.07417313,52.10277321,0.0,38.55506503,39.9997,39.84907381,16.6247272,22.4558335,30.14195868,44.424,46.33716044,65.55
Namibia,2022,0-100,3_pillars_10_dims,34.56777823,29.16550661,26.58428787,47.95354021,0.0,32.94028045,40.99158667,42.73015932,16.74620522,30.4445807,32.56207769,25.89,51.46272802,66.51
Senegal,2022,0-100,3_pillars_10_dims,34.51097098,35.00762967,27.24784581,41.27743747,0.0,47.64372886,40.87824333,51.5085465,16.65247903,35.15013972,29.94091868,25.536,32.13887031,66.16
Grenada,2022,0-100,3_pillars_10_dims,34.39033175,27.41171407,24.68932502,51.06995617,0.0,22.20403371,39.79712167,47.6457009,21.28792219,24.43995371,28.34009917,31.12533333,49.82820946,72.26
Cabo Verde,2022,0-100,3_pillars_10_dims,34.27404409,35.90971325,24.45425632,42.45816271,0.0,44.79589937,55.65144667,43.19150696,16.86122199,18.8882612,37.61328577,23.52927273,39.92713792,63.92
Kyrgyzstan,2022,0-100,3_pillars_10_dims,33.90924499,33.73350051,22.4902151,45.50401936,0.0,44.25830661,42.98878,47.68691542,12.33253403,22.09097432,33.04713694,23.326,53.2865,59.9
Saint Vincent and the Grenadines,2022,0-100,3_pillars_10_dims,33.70891003,30.21396892,23.94199382,46.97076736,0.0,33.33299514,38.00378833,49.5190922,20.59419367,24.43995371,26.79183409,27.40133333,47.39373892,66.12
Maldives,2022,0-100,3_pillars_10_dims,33.53552338,33.68188379,15.16006177,51.76462457,0.0,24.545076,52.4545,57.72795916,24.58453902,0.0,20.89564629,52.81666667,61.324375,41.15
Guyana,2022,0-100,3_pillars_10_dims,33.51820323,29.25957345,23.93356738,47.36146885,0.0,43.99451354,37.53412167,35.50965859,17.63556664,24.43995371,29.7251818,25.71533333,46.36523144,70.0
Uganda,2022,0-100,3_pillars_10_dims,32.65923191,37.77973358,19.49366267,40.70429948,0.0,47.68268008,55.87406,47.56219424,5.067074291,26.6779564,26.73595731,25.624,36.37168423,60.12
Bolivia,2022,0-100,3_pillars_10_dims,32.55578829,27.79543628,20.55823716,49.31369143,0.0,36.05498374,41.45586,33.67090138,13.23643872,15.5352961,32.90297665,24.036,61.49787635,62.41
United Republic of Tanzania,2022,0-100,3_pillars_10_dims,32.49772202,35.43252165,20.04908872,42.01155569,0.0,44.47611418,56.60135,40.65262241,5.057674385,30.25656484,24.83302694,39.112,29.00888495,57.91
Myanmar,2022,0-100,3_pillars_10_dims,32.44565026,24.25865227,25.90623897,47.17205953,0.0,29.48623523,31.29415333,36.25422052,10.85267264,25.75049008,41.11555421,27.92666667,50.06423765,63.53
Gabon,2022,0-100,3_pillars_10_dims,32.42445285,25.31424573,26.3345793,45.62453352,0.0,37.07793214,31.79185167,32.38719911,21.04351233,27.82326831,30.13695727,27.944,38.90425,70.03
Turkmenistan,2022,0-100,3_pillars_10_dims,31.94984039,22.4336096,29.42854706,43.9873645,0.0,34.28979039,30.16862128,25.27602673,22.53182869,29.33918375,36.41462873,25.41492308,34.47416667,72.07
Lao People's Democratic Republic,2022,0-100,3_pillars_10_dims,31.71862863,29.6368339,21.46088557,44.05816643,0.0,36.50781473,38.33007667,43.70944419,15.90673204,17.9812709,30.49465377,22.408,40.81554865,68.95
Cuba,2022,0-100,3_pillars_10_dims,31.5867537,24.36882628,27.04447266,43.34696216,0.0,23.43732998,28.004455,46.03352016,21.45280626,32.44499255,27.23561917,21.16366667,39.47089411,69.41
Iraq,2022,0-100,3_pillars_10_dims,31.52182498,21.01357138,27.18482757,46.36707599,0.0,28.74853782,25.68448333,29.62126438,18.69624196,31.95760716,30.9006336,27.432,45.76539458,65.9
Cambodia,2022,0-100,3_pillars_10_dims,31.1652904,27.95633432,21.14028522,44.39925165,0.0,36.35782921,47.65460333,27.81290472,12.57182244,24.90535067,25.94368255,24.962,39.69551182,68.54
Vanuatu,2022,0-100,3_pillars_10_dims,31.10658853,27.0300747,22.7643215,43.52536941,0.0,24.20163197,41.98582,41.93284682,22.10678386,15.25960423,30.92657639,26.08666667,38.06945483,66.42
Honduras,2022,0-100,3_pillars_10_dims,31.04337178,26.23285731,24.83343318,42.06382484,0.0,36.52138347,27.17055333,41.23949244,18.36365534,23.05436133,33.08228288,20.357,41.16211123,64.67
El Salvador,2022,0-100,3_pillars_10_dims,30.95748673,23.33612112,22.75668492,46.77965414,0.0,27.85425535,42.10658,23.38364912,17.85954923,20.69116324,29.71934229,25.336,49.28066667,65.72
Côte D'Ivoire,2022,0-100,3_pillars_10_dims,30.95367673,31.42174601,21.62430561,39.81497857,0.0,50.7110207,43.80282667,31.17313666,11.1732416,25.95266232,27.7470129,24.43,34.60166667,60.41
Timor-Leste,2022,0-100,3_pillars_10_dims,30.86326755,25.49804773,21.86635451,45.22540042,0.0,21.53805987,39.85648667,40.59764437,11.76683836,24.72429718,29.10792798,23.91266667,44.23846058,67.53
Cameroon,2022,0-100,3_pillars_10_dims,30.76487031,31.31477812,22.69682714,38.28300568,0.0,42.52180727,36.96096333,45.77634189,11.54496648,26.86955282,29.67596213,20.932,27.72964673,66.19
Nepal,2022,0-100,3_pillars_10_dims,30.75440133,30.88235512,23.49741367,37.88343519,0.0,45.27271368,42.60262667,35.65408012,9.75004131,26.30556889,34.43663081,22.656,40.41716667,50.58
Solomon Islands,2022,0-100,3_pillars_10_dims,30.57767234,25.0280327,22.80645295,43.89853138,0.0,22.142095,38.39182,39.5782158,15.84498414,23.32246138,29.25191332,20.60866667,36.76899727,74.32
Papua New Guinea,2022,0-100,3_pillars_10_dims,30.5489561,27.18948066,21.84608099,42.61130665,0.0,24.2076507,44.81082,39.73945192,13.89957619,22.89101278,28.747654,19.49266667,33.65761186,74.68
Samoa,2022,0-100,3_pillars_10_dims,30.11334049,28.56782033,22.16191374,39.6102874,0.0,27.62040971,38.04082,48.61005159,18.89984311,23.32246138,24.26343673,19.74866667,34.23415017,64.85
Belize,2022,0-100,3_pillars_10_dims,29.98340518,20.66858758,24.3903524,44.89127557,0.0,19.88685869,30.49722,32.29027163,19.72455453,16.0892961,37.35720656,21.049,51.71554211,61.91
Djibouti,2022,0-100,3_pillars_10_dims,29.84752363,19.89270234,28.99023064,40.6596379,0.0,12.85315351,32.86041733,33.8572385,21.55579498,27.32377531,38.09112164,20.7672,31.00408507,70.21
Togo,2022,0-100,3_pillars_10_dims,29.8249018,29.64963065,19.42593283,40.39914193,0.0,40.5614865,34.01258795,44.02444816,8.869857208,22.29525037,27.11269091,37.00878322,29.35088938,54.84
Zambia,2022,0-100,3_pillars_10_dims,29.63139333,31.55205028,19.59174691,37.75038278,0.0,49.2639456,42.40139333,34.5428622,7.65413033,25.0458812,26.0752292,19.046,31.4889313,62.72
Venezuela,2022,0-100,3_pillars_10_dims,29.32769227,17.62272778,26.40709415,43.95325488,0.0,11.83666664,31.886455,26.76778949,15.98238904,29.53811584,33.70077758,22.52366667,40.08001163,69.26
Zimbabwe,2022,0-100,3_pillars_10_dims,29.26484257,24.24929831,20.29389312,43.25133628,0.0,37.79518777,31.73772333,27.46428214,11.75010429,17.96269563,31.16887945,38.912,36.21527221,54.63
Libya,2022,0-100,3_pillars_10_dims,28.8386696,16.52186281,27.9841944,42.00995158,0.0,18.3627245,20.97648333,26.74824341,18.77692825,34.82316686,30.35248808,20.232,33.82747205,71.97
Mauritania,2022,0-100,3_pillars_10_dims,28.40270536,21.79040339,19.57288566,43.84482704,0.0,34.79917507,24.66389976,27.69853873,9.080947611,19.45755056,30.18015881,21.97955844,33.93284091,75.62
Nicaragua,2022,0-100,3_pillars_10_dims,28.33073126,24.58503828,21.29809793,39.10905756,0.0,32.33600168,35.27322,30.73093143,14.69164382,18.5060398,30.69661017,21.859,35.90129722,59.57
Madagascar,2022,0-100,3_pillars_10_dims,28.2580958,25.10244127,19.50986936,40.16197676,0.0,40.68659343,32.33478667,27.388385,7.105847209,24.01652353,27.40723734,34.97,23.01990806,62.5
Gambia,2022,0-100,3_pillars_10_dims,27.96448778,25.20937003,20.73999254,37.94410077,0.0,43.52997389,26.12576667,31.18173957,6.537926634,20.05863319,35.6234178,23.19909091,37.46972215,53.16
Kiribati,2022,0-100,3_pillars_10_dims,27.81847565,26.50864314,18.33857156,38.60821227,0.0,26.03315881,34.39915333,45.60226041,16.79141658,23.32246138,14.90183673,21.69266667,26.44877979,67.68
Guinea,2022,0-100,3_pillars_10_dims,27.81521975,26.32642284,19.94425872,37.17497771,0.0,36.71981674,33.8495,34.73637461,8.343451102,26.57142076,24.91790428,21.16709091,31.06912125,59.29
Sao Tome and Principe,2022,0-100,3_pillars_10_dims,27.62111982,25.88940171,20.74536846,36.22858929,0.0,41.78685962,26.21689976,35.55384745,12.8761648,22.07902402,27.28091656,19.11955844,25.3424637,64.22
Mali,2022,0-100,3_pillars_10_dims,27.33914838,24.82827613,19.43419525,37.75497377,0.0,36.55800053,34.43248667,28.32261733,10.74166657,21.82282429,25.7380949,19.316,33.29645548,60.65
Congo,2022,0-100,3_pillars_10_dims,26.20229526,23.33285462,18.63822597,36.63580518,0.0,35.25438488,27.96889976,30.10813385,12.02934749,22.07902402,21.80630639,17.02355844,26.28840955,66.6
Burkina Faso,2022,0-100,3_pillars_10_dims,26.20130301,27.79493174,16.47927108,34.32970619,0.0,45.94111948,37.92585,27.31275749,7.702524982,22.00187583,19.73341244,14.33,39.38361017,49.28
Lesotho,2022,0-100,3_pillars_10_dims,26.13355368,25.81373898,19.06816847,33.51875359,0.0,41.2963778,27.035,34.92357813,10.40048644,22.33943247,24.4645865,14.23927273,24.11722378,62.2
Eswatini,2022,0-100,3_pillars_10_dims,25.45708209,23.06173257,15.64757143,37.66194225,0.0,23.1546023,34.60188,34.490448,12.19910616,18.67169544,16.07191269,18.21927273,29.95351425,64.81
Ethiopia,2022,0-100,3_pillars_10_dims,25.30098938,25.1468315,19.70338128,31.05275538,0.0,28.08110331,38.34888667,34.15733601,6.440431261,25.8262098,26.84350277,14.86,22.53316757,55.77
Angola,2022,0-100,3_pillars_10_dims,24.76924364,21.33362502,14.98163928,37.99246663,0.0,32.25020912,33.00574,20.07855097,10.05020163,10.7763773,24.11833892,13.97,29.16358693,70.84
Sierra Leone,2022,0-100,3_pillars_10_dims,24.49171892,22.45718798,17.8420762,33.17589257,0.0,21.90840631,29.67792128,38.24242433,4.398147605,23.67171811,25.4563629,16.59078322,28.34666746,54.59
Malawi,2022,0-100,3_pillars_10_dims,24.459898,21.88389761,17.16847091,34.32732546,0.0,33.74499136,25.94425333,27.84634577,6.818272361,21.07325657,23.61388381,13.462,28.23371769,61.29
Comoros,2022,0-100,3_pillars_10_dims,23.81933921,16.37579986,19.93367545,35.14854233,0.0,15.04496306,21.94389976,28.51433664,11.95754091,22.07902402,25.76446141,19.28355844,30.96540756,55.2
Niger,2022,0-100,3_pillars_10_dims,23.72363429,25.6262542,16.14710711,29.39754157,0.0,37.82436938,30.47558795,34.20505947,6.268087221,24.56131087,17.61192323,14.11278322,25.58780478,48.49
Guinea Bissau,2022,0-100,3_pillars_10_dims,22.82405378,16.2931189,18.62602104,33.55302139,0.0,18.1256721,18.23725462,28.80954887,9.315683534,22.2698823,24.2924973,18.25678322,29.34895445,53.05
Sudan,2022,0-100,3_pillars_10_dims,22.5547595,16.54640817,21.15960483,29.95826551,0.0,18.23426531,20.56592128,27.38544609,3.765388045,25.89357529,33.81985115,16.12169231,19.427139,54.33
Mozambique,2022,0-100,3_pillars_10_dims,22.54020961,21.38264467,16.06543379,30.17255038,0.0,29.36199899,30.94708,25.22149968,7.050181139,20.50618901,20.63993122,13.212,18.25219387,59.05
Liberia,2022,0-100,3_pillars_10_dims,22.09001172,19.75555304,18.44706235,28.06741976,0.0,18.96038014,29.90258795,30.15924406,7.323057465,22.2698823,25.7482473,13.41369231,17.6334919,53.16
Chad,2022,0-100,3_pillars_10_dims,20.57569578,21.02716014,15.20805698,25.49187022,0.0,37.29121035,21.22472333,25.59270686,6.966894113,15.90288007,22.75439677,10.12509091,21.70961066,44.64
Burundi,2022,0-100,3_pillars_10_dims,20.52919336,18.72155933,15.89109458,26.97492616,0.0,12.57348168,32.11498333,30.19777231,4.921295874,23.48571665,19.26627121,13.33109091,22.95277847,44.64
Democratic Republic of the Congo,2022,0-100,3_pillars_10_dims,20.21793742,18.66850347,14.15597096,27.82933784,0.0,31.45730501,22.13897333,21.07773555,2.506644266,20.25363853,19.70763008,9.328,16.9926761,57.17
Eritrea,2022,0-100,3_pillars_10_dims,20.16632518,11.52665277,18.53254574,30.43977703,0.0,9.707073044,9.276254615,27.1232834,7.323057465,22.2698823,26.00469745,12.98678322,23.71340256,54.62
Central African Republic,2022,0-100,3_pillars_10_dims,19.90049863,14.50047077,17.36244365,27.83858148,0.0,12.96663406,17.69492128,27.34032776,5.768627889,22.2698823,24.04882075,12.97878322,21.19345404,49.34
South Sudan,2022,0-100,3_pillars_10_dims,19.45429849,14.44581269,16.89675204,27.02033075,0.0,21.34492486,14.02025462,22.41807129,4.262126757,22.2698823,24.15824707,11.31278322,14.0187942,55.73
Haiti,2022,0-100,3_pillars_10_dims,18.60688175,9.71664275,15.10725259,30.99674992,0.0,12.80993759,14.17455333,11.88208008,13.2343778,6.825296105,25.26208386,18.577,18.86185722,55.55
Yemen,2022,0-100,3_pillars_10_dims,17.3219318,18.3893155,22.04606002,11.53041988,0.0,26.20321663,34.456,12.89804539,6.672094055,24.03011249,35.43597351,5.57,24.31193814,4.71
Syrian Arab Republic,2022,0-100,3_pillars_10_dims,16.04024825,13.72260894,19.10012821,15.2980076,0.0,9.702561962,26.643,18.5448738,6.756555884,17.720824,32.82300476,11.93666667,29.24803463,4.71
Afghanistan,2022,0-100,3_pillars_10_dims,13.45795858,14.45917285,10.7048567,15.20984618,0.0,5.94558363,34.5785,17.31260777,6.740842412,19.67725327,5.696474424,6.223333333,31.50598433,7.9
